-0.796166,1.38785
-2.14795,0.61237
-3.47164,-0.146761
-4.82303,-0.921554
-6.16203,-1.68901
-7.47859,-2.44338
-7.50241,-2.45703
-8.84187,-3.2243
-10.1867,-3.9944
-10.1929,-3.99799
-11.5361,-4.76695
-12.8884,-5.5409
-12.906,-5.55097
-14.2464,-6.31786
-15.6244,-7.0677
-15.6553,-7.08537
-16.9995,-7.85399
-18.3574,-8.63023
-18.398,-8.65349
-19.7687,-9.4368
-21.1187,-10.2081
-21.1724,-10.2388
-22.5187,-11.0078
-23.8923,-11.7921
-23.9579,-11.8296
-25.3322,-12.6141
-26.6891,-13.3884
-26.7685,-13.4338
-28.1342,-14.2129
-29.4931,-14.988
-29.5801,-15.0376
-30.9321,-15.8085
-32.2932,-16.5844
-32.38,-16.6339
-33.7332,-17.4051
-35.093,-18.1799
-35.1723,-18.2251
-36.5242,-19.0145
-37.8676,-19.7984
-37.9359,-19.8373
-39.6402,-20.8075
-41.0136,-21.5891
-42.4135,-22.3856
-42.6473,-22.5186
-44.0271,-23.3035
-45.45,-24.1126
-46.8116,-24.9634
-47.1347,-25.147
-48.5227,-25.9359
-49.9306,-26.7358
-50.1509,-26.861
-51.5261,-27.6421
-52.7513,-28.3379
-54.4614,-29.3076
-55.8599,-30.099
-57.5271,-31.0409
-58.9409,-31.8386
-60.3882,-32.6546
-61.4947,-33.2782
-63.1935,-34.2355
-64.5989,-35.0278
-66.2472,-35.9576
-67.6846,-36.7695
-69.3072,-37.6874
-70.7671,-38.514
-72.3483,-39.409
-73.8037,-40.2327
-75.3735,-41.0826
-76.8923,-41.9417
-78.4069,-42.7982
-79.9075,-43.6467
-81.4446,-44.5156
-82.9414,-45.3615
-84.4512,-46.2145
-86.0029,-47.0849
-87.5037,-47.9195
-89.0216,-48.7634
-90.5319,-49.6101
-92.0412,-50.4619
-93.5259,-51.2997
-95.0641,-52.1675
-96.543,-53.0017
-98.0677,-53.8677
-99.5558,-54.7198
-101.062,-55.5823
-102.54,-56.4207
-104.078,-57.2877
-105.568,-58.1267
-107.081,-58.9789
-108.551,-59.8068
-110.116,-60.688
-111.59,-61.5177
-113.109,-62.3726
-114.626,-63.1883
-116.143,-64.0419
-117.628,-64.8775
-119.165,-65.7414
-120.733,-66.6235
-121.645,-67.1363
-123.3,-68.0666
-124.798,-68.9085
-126.405,-69.8114
-127.933,-70.67
-129.545,-71.5754
-131.051,-72.4214
-132.639,-73.3132
-134.149,-74.1614
-135.703,-75.0338
-137.246,-75.8999
-138.799,-76.7712
-140.378,-77.6573
-141.886,-78.5416
-143.416,-79.3998
-144.949,-80.2597
-146.517,-81.1392
-148.052,-81.9996
-149.579,-82.8557
-151.099,-83.7079
-152.676,-84.5918
-154.206,-85.4493
-155.74,-86.3083
-157.272,-87.1669
-158.845,-88.0478
-160.419,-88.9298
-160.447,-88.9451
-161.976,-89.8013
-163.579,-90.661
-163.6,-90.6727
-165.131,-91.53
-166.692,-92.4037
-166.705,-92.4108
-168.262,-93.2823
-169.809,-94.1863
-169.821,-94.1929
-171.375,-95.0626
-172.944,-95.9409
-172.955,-95.9471
-174.519,-96.8221
-176.093,-97.7021
-176.109,-97.7111
-177.668,-98.5835
-179.27,-99.4412
-179.285,-99.4493
-180.821,-100.308
-182.408,-101.196
-182.42,-101.202
-183.963,-102.065
-185.554,-102.954
-185.563,-102.96
-187.112,-103.825
-188.659,-104.728
-188.662,-104.73
-190.232,-105.607
-191.829,-106.5
-191.833,-106.502
-193.378,-107.366
-194.976,-108.258
-194.981,-108.261
-196.53,-109.126
-198.13,-110.02
-198.136,-110.024
-199.695,-110.895
-201.272,-111.775
-201.274,-111.776
-202.854,-112.659
-204.467,-113.559
-204.486,-113.57
-206.039,-114.437
-207.669,-115.347
-207.695,-115.362
-209.252,-116.231
-210.857,-117.127
-210.88,-117.14
-212.435,-118.008
-214.026,-118.896
-214.049,-118.909
-215.628,-119.79
-217.231,-120.646
-217.26,-120.662
-218.835,-121.542
-220.434,-122.434
-220.465,-122.451
-222.047,-123.334
-223.66,-124.234
-223.704,-124.258
-225.259,-125.126
-226.856,-126.017
-226.895,-126.039
-228.444,-126.903
-230.025,-127.785
-230.058,-127.803
-231.632,-128.681
-233.243,-129.58
-233.277,-129.599
-234.82,-130.459
-236.405,-131.343
-236.43,-131.357
-238.001,-132.233
-239.613,-133.094
-239.642,-133.11
-241.174,-133.965
-242.75,-134.844
-242.762,-134.85
-244.33,-135.724
-245.898,-136.599
-245.904,-136.602
-247.477,-137.479
-249.063,-138.363
-249.07,-138.367
-250.615,-139.229
-252.187,-140.144
-252.193,-140.146
-253.745,-141.012
-255.338,-141.9
-255.342,-141.902
-256.882,-142.761
-258.472,-143.647
-258.48,-143.652
-260.037,-144.518
-261.621,-145.397
-261.633,-145.403
-263.2,-146.271
-264.791,-147.151
-264.792,-147.151
-266.356,-148.016
-267.931,-148.888
-267.937,-148.892
-269.497,-149.757
-271.069,-150.631
-271.078,-150.636
-272.666,-151.521
-274.252,-152.406
-274.256,-152.408
-275.835,-153.288
-277.399,-154.198
-277.406,-154.202
-278.977,-155.078
-280.566,-155.964
-280.572,-155.967
-282.14,-156.841
-283.729,-157.727
-283.737,-157.731
-285.295,-158.6
-286.857,-159.509
-286.864,-159.513
-288.455,-160.399
-290.033,-161.279
-290.048,-161.288
-291.618,-162.163
-293.198,-163.044
-293.209,-163.05
-294.773,-163.922
-296.362,-164.808
-296.377,-164.816
-297.957,-165.697
-299.536,-166.578
-299.56,-166.591
-301.119,-167.46
-302.686,-168.334
-302.699,-168.341
-304.271,-169.218
-305.836,-170.091
-305.848,-170.097
-307.416,-170.972
-308.986,-171.847
-308.993,-171.851
-310.564,-172.727
-312.153,-173.537
-313.722,-174.412
-315.284,-175.284
-316.857,-176.161
-318.408,-177.026
-319.979,-177.902
-321.528,-178.767
-323.098,-179.643
-324.649,-180.508
-326.21,-181.379
-327.77,-182.25
-329.344,-183.128
-330.886,-183.989
-332.436,-184.854
-333.996,-185.725
-335.577,-186.607
-337.124,-187.471
-338.698,-188.349
-340.254,-189.218
-341.822,-190.094
-343.385,-190.967
-344.928,-191.828
-346.522,-192.719
-348.104,-193.602
-349.692,-194.489
-351.254,-195.362
-352.854,-196.256
-354.437,-197.14
-356.026,-198.028
-357.605,-198.911
-359.205,-199.805
-360.768,-200.678
-362.37,-201.574
-363.959,-202.462
-365.537,-203.345
-367.138,-204.24
-368.716,-205.123
-370.312,-206.015
-371.891,-206.898
-373.471,-207.782
-375.069,-208.677
-376.669,-209.578
-378.227,-210.463
-379.81,-211.362
-381.375,-212.244
-382.979,-213.142
-384.541,-214.017
-386.137,-214.911
-387.695,-215.783
-389.271,-216.666
-390.865,-217.558
-392.463,-218.454
-394.029,-219.331
-395.619,-220.223
-397.184,-221.1
-398.785,-221.997
-400.343,-222.871
-401.916,-223.753
-403.484,-224.671
-405.078,-225.565
-406.645,-226.444
-408.241,-227.34
-409.795,-228.211
-411.394,-229.109
-412.952,-229.984
-414.559,-230.886
-416.112,-231.758
-417.687,-232.643
-419.275,-233.535
-420.854,-234.422
-422.426,-235.305
-424.023,-236.202
-425.591,-237.081
-427.191,-237.976
-428.77,-238.858
-430.373,-239.754
-431.959,-240.641
-431.969,-240.646
-433.558,-241.535
-435.135,-242.418
-435.148,-242.426
-436.746,-243.322
-438.31,-244.202
-438.32,-244.207
-439.917,-245.106
-441.481,-245.988
-441.49,-245.993
-443.089,-246.893
-444.651,-247.773
-444.654,-247.775
-446.248,-248.673
-447.819,-249.558
-447.825,-249.562
-449.422,-250.462
-450.991,-251.347
-451.004,-251.355
-452.578,-252.242
-454.16,-253.135
-454.169,-253.14
-455.748,-254.031
-457.344,-254.931
-457.356,-254.938
-458.935,-255.829
-460.509,-256.718
-460.517,-256.723
-462.109,-257.622
-463.669,-258.503
-463.675,-258.506
-465.27,-259.407
-466.818,-260.32
-466.825,-260.324
-468.415,-261.223
-469.98,-262.108
-469.99,-262.113
-471.562,-263.002
-473.135,-263.892
-473.145,-263.897
-474.714,-264.785
-476.284,-265.674
-476.29,-265.677
-477.878,-266.576
-479.45,-267.428
-479.456,-267.431
-481.019,-268.316
-482.593,-269.208
-482.604,-269.214
-484.187,-270.111
-485.731,-271.024
-485.738,-271.028
-487.312,-271.921
-488.88,-272.81
-488.89,-272.815
-490.492,-273.724
-492.045,-274.605
-492.05,-274.608
-493.643,-275.512
-495.187,-276.427
-495.193,-276.43
-496.785,-277.334
-498.327,-278.21
-498.338,-278.216
-499.906,-279.107
-501.472,-279.997
-501.482,-280.002
-503.072,-280.906
-504.614,-281.783
-504.625,-281.789
-506.194,-282.681
-507.761,-283.611
-507.767,-283.615
-509.356,-284.519
-510.915,-285.406
-510.926,-285.413
-512.51,-286.315
-514.063,-287.199
-514.067,-287.201
-515.657,-288.107
-517.203,-288.989
-517.209,-288.992
-518.798,-289.898
-520.355,-290.786
-520.364,-290.791
-521.946,-291.675
-523.544,-292.547
-523.553,-292.552
-525.154,-293.426
-526.707,-294.296
-526.729,-294.308
-528.313,-295.213
-529.878,-296.107
-529.908,-296.125
-531.472,-297.018
-533.056,-297.924
-533.094,-297.945
-534.657,-298.839
-536.239,-299.744
-536.283,-299.77
-537.863,-300.674
-539.429,-301.571
-539.481,-301.6
-541.092,-302.523
-542.651,-303.416
-542.69,-303.438
-544.272,-304.345
-545.855,-305.253
-545.892,-305.274
-547.486,-306.188
-549.035,-307.115
-549.073,-307.137
-550.664,-308.05
-552.251,-308.961
-552.279,-308.977
-553.898,-309.907
-555.463,-310.806
-555.485,-310.819
-557.073,-311.738
-558.677,-312.673
-560.291,-313.615
-561.883,-314.537
-563.474,-315.452
-565.084,-316.379
-566.686,-317.302
-568.319,-318.205
-569.943,-319.141
-571.537,-320.061
-573.166,-321
-574.769,-321.925
-576.391,-322.862
-577.988,-323.785
-579.615,-324.725
-581.233,-325.66
-582.859,-326.6
-584.481,-327.539
-586.095,-328.473
-587.723,-329.416
-589.361,-330.365
-590.954,-331.288
-592.623,-332.256
-594.242,-333.195
-595.865,-334.137
-597.506,-335.09
-599.151,-336.027
-600.809,-336.97
-602.458,-337.929
-604.101,-338.885
-605.751,-339.845
-607.395,-340.802
-609.042,-341.742
-610.734,-342.709
-612.396,-343.677
-614.053,-344.644
-615.709,-345.61
-617.327,-346.594
-618.994,-347.567
-620.659,-348.54
-620.664,-348.543
-622.317,-349.509
-623.97,-350.477
-623.978,-350.481
-625.64,-351.452
-627.271,-352.403
-627.279,-352.408
-628.932,-353.37
-630.612,-354.347
-630.62,-354.352
-632.282,-355.319
-633.929,-356.28
-633.944,-356.288
-635.595,-357.253
-637.273,-358.237
-637.287,-358.245
-638.95,-359.222
-640.612,-360.199
-640.63,-360.21
-642.295,-361.19
-643.969,-362.213
-643.987,-362.224
-645.663,-363.211
-647.341,-364.199
-647.355,-364.207
-649.047,-365.205
-650.714,-366.188
-650.728,-366.196
-652.401,-367.184
-654.092,-368.182
-654.104,-368.189
-655.8,-369.191
-656.277,-369.473
-657.994,-370.488
-659.711,-371.503
-661.431,-372.521
-661.616,-372.631
-663.328,-373.645
-663.705,-373.868
-665.458,-374.907
-667.218,-375.95
-667.448,-376.087
-669.184,-377.131
-670.964,-378.213
-671.074,-378.281
-672.826,-379.346
-674.632,-380.432
-674.641,-380.437
-676.398,-381.482
-678.208,-382.559
-679.992,-383.621
-680.7,-384.043
-682.469,-385.098
-682.57,-385.158
-684.296,-386.188
-686.046,-387.233
-686.08,-387.253
-687.852,-388.311
-689.66,-389.353
-689.69,-389.37
-691.435,-390.414
-693.205,-391.473
-693.267,-391.51
-695.028,-392.565
-696.818,-393.637
-698.575,-394.69
-699.317,-395.135
-701.061,-396.182
-701.159,-396.241
-702.868,-397.266
-704.597,-398.302
-704.647,-398.331
-706.389,-399.375
-708.116,-400.409
-708.122,-400.412
-709.874,-401.461
-711.626,-402.511
-711.66,-402.532
-713.375,-403.56
-715.138,-404.619
-715.193,-404.652
-716.895,-405.677
-718.64,-406.73
-718.698,-406.765
-720.406,-407.797
-722.151,-408.853
-722.211,-408.889
-723.924,-409.926
-725.663,-410.979
-725.723,-411.015
-727.415,-412.041
-729.165,-413.103
-729.217,-413.134
-730.901,-414.156
-732.584,-415.178
-732.616,-415.197
-734.384,-416.272
-736.103,-417.318
-736.148,-417.345
-737.831,-418.369
-739.557,-419.421
-739.597,-419.445
-741.274,-420.467
-743.015,-421.528
-743.056,-421.554
-744.731,-422.576
-746.477,-423.603
-746.519,-423.629
-748.193,-424.652
-749.889,-425.689
-749.923,-425.71
-751.634,-426.757
-753.352,-427.809
-753.407,-427.843
-755.078,-428.867
-756.775,-429.947
-756.833,-429.982
-758.494,-431.002
-760.186,-432.041
-760.242,-432.076
-761.946,-433.123
-763.626,-434.156
-763.682,-434.191
-765.337,-435.209
-767.042,-436.26
-767.099,-436.295
-768.752,-437.314
-770.458,-438.366
-770.515,-438.401
-772.154,-439.413
-773.819,-440.442
-773.867,-440.472
-775.521,-441.494
-777.152,-442.503
-777.187,-442.525
-778.895,-443.583
-780.554,-444.61
-780.602,-444.64
-782.231,-445.65
-783.899,-446.685
-783.945,-446.714
-785.569,-447.722
-787.234,-448.757
-787.277,-448.783
-788.893,-449.789
-790.539,-450.813
-790.58,-450.838
-792.235,-451.869
-793.85,-452.915
-793.89,-452.94
-795.491,-453.938
-797.146,-454.971
-797.176,-454.99
-798.775,-455.989
-800.421,-457.018
-802.039,-458.03
-802.66,-458.418
-804.381,-459.497
-805.993,-460.507
-807.596,-461.512
-807.715,-461.587
-809.282,-462.57
-810.882,-463.575
-810.975,-463.634
-812.534,-464.614
-814.137,-465.622
-814.212,-465.669
-815.779,-466.656
-817.392,-467.672
-817.446,-467.706
-819.008,-468.691
-820.621,-469.709
-820.659,-469.732
-822.213,-470.713
-823.831,-471.736
-823.854,-471.751
-825.417,-472.739
-827.02,-473.754
-827.035,-473.763
-828.603,-474.756
-830.202,-475.769
-830.211,-475.775
-831.759,-476.757
-833.371,-477.781
-833.374,-477.782
-834.916,-478.762
-836.499,-479.768
-836.508,-479.774
-838.094,-480.785
-839.65,-481.78
-839.663,-481.788
-841.239,-482.799
-842.829,-483.82
-842.83,-483.821
-844.367,-484.809
-845.972,-485.841
-847.507,-486.826
-849.108,-487.852
-849.132,-487.867
-850.674,-488.854
-852.267,-489.875
-852.295,-489.893
-853.832,-490.878
-855.422,-491.899
-855.458,-491.922
-857.005,-492.916
-858.593,-493.936
-858.627,-493.958
-860.176,-494.954
-861.766,-495.978
-861.795,-495.996
-863.335,-496.989
-864.912,-498.005
-864.944,-498.026
-866.496,-499.027
-868.104,-500.026
-868.13,-500.043
-869.674,-501.041
-871.273,-502.075
-871.289,-502.085
-872.829,-503.082
-874.427,-504.117
-874.431,-504.12
-875.979,-505.124
-877.56,-506.15
-877.564,-506.153
-879.112,-507.158
-880.687,-508.181
-880.696,-508.187
-882.234,-509.187
-883.82,-510.22
-883.832,-510.228
-885.363,-511.225
-886.937,-512.252
-886.952,-512.261
-888.477,-513.256
-890.045,-514.28
-890.055,-514.287
-891.588,-515.289
-893.153,-516.313
-893.163,-516.32
-894.686,-517.317
-896.25,-518.341
-896.26,-518.348
-897.776,-519.342
-899.344,-520.371
-899.358,-520.38
-900.866,-521.371
-902.432,-522.4
-902.446,-522.409
-903.952,-523.4
-905.508,-524.425
-905.52,-524.432
-907.029,-525.427
-908.581,-526.45
-908.595,-526.459
-910.109,-527.458
-911.662,-528.484
-911.676,-528.494
-913.176,-529.485
-914.723,-530.468
-914.735,-530.476
-916.278,-531.497
-917.787,-532.497
-917.805,-532.509
-919.314,-533.509
-920.839,-534.521
-920.854,-534.531
-922.375,-535.541
-923.881,-536.541
-923.89,-536.548
-925.386,-537.542
-926.931,-538.53
-926.937,-538.534
-928.433,-539.53
-929.95,-540.54
-929.954,-540.543
-931.473,-541.556
-932.966,-542.552
-932.971,-542.556
-934.455,-543.547
-935.963,-544.554
-935.974,-544.561
-937.476,-545.566
-938.978,-546.57
-938.983,-546.574
-940.511,-547.597
-942,-548.595
-942.006,-548.599
-943.508,-549.605
-944.987,-550.638
-944.99,-550.64
-946.473,-551.636
-947.964,-552.637
-947.972,-552.643
-949.454,-553.639
-950.945,-554.642
-950.95,-554.645
-952.437,-555.646
-953.927,-556.65
-953.929,-556.651
-955.41,-557.649
-956.903,-558.656
-956.909,-558.66
-958.396,-559.663
-959.889,-560.671
-959.899,-560.678
-961.376,-561.676
-962.83,-562.699
-962.836,-562.703
-964.312,-563.702
-965.783,-564.697
-965.79,-564.702
-967.26,-565.697
-968.737,-566.698
-968.75,-566.707
-970.19,-567.684
-971.669,-568.727
-971.671,-568.729
-973.13,-569.72
-974.611,-570.725
-974.617,-570.73
-976.084,-571.726
-977.549,-572.723
-977.564,-572.733
-979.018,-573.722
-980.507,-574.696
-980.534,-574.714
-982,-575.713
-983.463,-576.71
-983.499,-576.735
-984.966,-577.736
-986.405,-578.757
-986.45,-578.788
-987.917,-579.79
-989.385,-580.792
-989.432,-580.825
-990.899,-581.828
-992.368,-582.833
-992.426,-582.872
-993.859,-583.852
-995.368,-584.885
-995.429,-584.927
-996.901,-585.936
-998.377,-586.907
-998.442,-586.951
-999.921,-587.966
-1001.39,-588.974
-1001.45,-589.018
-1002.95,-590.047
-1004.42,-591.052
-1004.48,-591.093
-1005.98,-592.124
-1007.47,-593.108
-1007.52,-593.148
-1009.01,-594.172
-1010.5,-595.197
-1010.56,-595.236
-1012.06,-596.271
-1013.54,-597.288
-1013.58,-597.32
-1015.09,-598.355
-1016.56,-599.373
-1016.61,-599.404
-1018.13,-600.451
-1019.6,-601.468
-1019.64,-601.495
-1021.15,-602.538
-1022.62,-603.596
-1022.65,-603.618
-1024.16,-604.664
-1025.66,-605.701
-1025.68,-605.714
-1027.19,-606.758
-1028.7,-607.805
-1028.71,-607.809
-1030.23,-608.86
-1031.71,-609.888
-1031.71,-609.89
-1033.23,-610.94
-1034.71,-611.971
-1034.72,-611.974
-1036.25,-613.04
-1037.73,-614.065
-1037.74,-614.075
-1039.26,-615.124
-1040.76,-616.171
-1040.78,-616.186
-1042.3,-617.237
-1043.81,-618.289
-1043.84,-618.312
-1045.36,-619.37
-1046.86,-620.411
-1046.9,-620.439
-1048.4,-621.488
-1049.89,-622.527
-1049.94,-622.556
-1051.43,-623.601
-1052.97,-624.589
-1053.01,-624.618
-1054.51,-625.667
-1056.01,-626.712
-1056.06,-626.745
-1057.58,-627.804
-1059.04,-628.864
-1059.08,-628.895
-1060.57,-629.935
-1062.06,-630.976
-1062.11,-631.012
-1063.59,-632.044
-1065.07,-633.084
-1065.12,-633.117
-1066.61,-634.162
-1068.08,-635.19
-1068.13,-635.221
-1069.6,-636.251
-1071.07,-637.283
-1071.11,-637.308
-1072.58,-638.345
-1074.05,-639.37
-1074.08,-639.392
-1075.54,-640.42
-1076.99,-641.478
-1077.02,-641.499
-1078.5,-642.537
-1079.95,-643.553
-1079.98,-643.572
-1081.46,-644.613
-1082.87,-645.647
-1082.89,-645.66
-1084.39,-646.709
-1085.81,-647.714
-1085.84,-647.733
-1087.29,-648.754
-1088.75,-649.781
-1088.77,-649.796
-1090.24,-650.828
-1091.68,-651.843
-1091.7,-651.854
-1093.16,-652.883
-1094.59,-653.888
-1094.6,-653.895
-1096.05,-654.917
-1097.48,-655.926
-1097.48,-655.927
-1098.93,-656.945
-1100.37,-657.961
-1100.37,-657.965
-1101.83,-658.992
-1103.26,-660.005
-1103.27,-660.009
-1104.72,-661.031
-1106.11,-662.015
-1106.13,-662.028
-1107.61,-663.073
-1109.02,-664.069
-1109.04,-664.081
-1110.49,-665.105
-1111.92,-666.121
-1111.94,-666.135
-1113.4,-667.166
-1114.82,-668.166
-1114.84,-668.184
-1116.26,-669.208
-1117.72,-670.257
-1117.73,-670.271
-1119.19,-671.299
-1120.62,-672.315
-1120.64,-672.329
-1122.09,-673.354
-1123.53,-674.371
-1123.55,-674.386
-1125.01,-675.424
-1126.44,-676.436
-1126.47,-676.452
-1127.92,-677.443
-1129.36,-678.419
-1129.39,-678.446
-1130.88,-679.501
-1132.31,-680.511
-1132.34,-680.532
-1133.77,-681.552
-1135.22,-682.58
-1135.25,-682.602
-1136.71,-683.637
-1138.15,-684.657
-1138.18,-684.68
-1139.63,-685.709
-1141.08,-686.695
-1141.11,-686.72
-1142.56,-687.745
-1144,-688.771
-1144.04,-688.799
-1145.5,-689.837
-1146.93,-690.855
-1146.97,-690.879
-1148.44,-691.922
-1149.89,-692.953
-1149.91,-692.972
-1151.38,-694.018
-1152.82,-694.999
-1152.84,-695.015
-1154.35,-696.083
-1155.79,-697.111
-1155.8,-697.115
-1157.27,-698.161
-1158.71,-699.185
-1158.71,-699.19
-1160.18,-700.236
-1161.64,-701.275
-1161.65,-701.282
-1163.12,-702.331
-1164.53,-703.413
-1164.54,-703.421
-1166.01,-704.467
-1167.49,-705.522
-1167.52,-705.542
-1168.93,-706.55
-1170.42,-707.607
-1170.44,-707.623
-1171.89,-708.653
-1173.35,-709.698
-1173.38,-709.717
-1174.85,-710.745
-1176.29,-711.752
-1176.32,-711.771
-1177.78,-712.816
-1179.21,-713.835
-1179.24,-713.854
-1180.7,-714.893
-1182.14,-715.92
-1182.16,-715.94
-1183.63,-716.967
-1185.07,-717.972
-1185.1,-717.989
-1186.55,-719.025
-1187.98,-720.044
-1188,-720.064
-1189.46,-721.105
-1190.88,-722.119
-1190.91,-722.139
-1192.35,-723.169
-1193.78,-724.208
-1193.81,-724.229
-1195.23,-725.253
-1196.66,-726.286
-1196.69,-726.304
-1198.13,-727.332
-1199.55,-728.346
-1199.57,-728.361
-1201.02,-729.393
-1202.43,-730.403
-1202.45,-730.414
-1203.89,-731.443
-1205.3,-732.449
-1205.3,-732.454
-1206.74,-733.478
-1208.16,-734.455
-1208.17,-734.462
-1209.6,-735.484
-1211.02,-736.498
-1211.04,-736.511
-1212.47,-737.534
-1213.88,-738.542
-1213.91,-738.559
-1215.32,-739.581
-1216.74,-740.624
-1216.76,-740.642
-1218.18,-741.683
-1219.59,-742.699
-1219.61,-742.718
-1221.03,-743.731
-1222.49,-744.774
-1223.9,-745.783
-1225.36,-746.827
-1226.78,-747.836
-1228.22,-748.871
-1229.66,-749.899
-1231.08,-750.911
-1232.52,-751.942
-1233.94,-752.955
-1235.37,-753.977
-1236.78,-754.984
-1238.19,-755.997
-1239.63,-757.02
-1241.06,-758.044
-1242.47,-759.049
-1244.3,-760.349
-1245.73,-761.347
-1247.21,-762.382
-1248.49,-763.279
-1249.95,-764.316
-1251.24,-765.237
-1252.68,-766.266
-1254,-767.211
-1255.44,-768.24
-1256.8,-769.206
-1258.23,-770.228
-1259.6,-771.205
-1261.02,-772.223
-1262.41,-773.216
-1263.84,-774.238
-1265.24,-775.235
-1267.08,-776.55
-1268.5,-777.566
-1269.96,-778.606
-1271.25,-779.53
-1273.06,-780.818
-1274.51,-781.855
-1275.96,-782.893
-1277.2,-783.775
-1278.68,-784.829
-1279.97,-785.754
-1281.77,-787.036
-1283.21,-788.064
-1284.93,-789.292
-1286.42,-790.354
-1288.09,-791.545
-1289.58,-792.607
-1291.2,-793.761
-1292.7,-794.83
-1294.28,-795.954
-1295.77,-797.019
-1297.32,-798.12
-1298.82,-799.187
-1300.34,-800.276
-1301.84,-801.34
-1303.34,-802.449
-1304.83,-803.514
-1306.33,-804.582
-1307.84,-805.653
-1309.38,-806.755
-1310.27,-807.429
-1311.91,-808.593
-1313.37,-809.635
-1314.99,-810.783
-1316.49,-811.851
-1318.09,-812.949
-1319.6,-814.022
-1321.16,-815.136
-1322.66,-816.196
-1324.22,-817.311
-1325.71,-818.366
-1327.25,-819.463
-1328.79,-820.56
-1330.32,-821.642
-1331.82,-822.711
-1333.35,-823.794
-1334.9,-824.899
-1336.41,-825.972
-1337.92,-827.041
-1339.46,-828.138
-1340.41,-828.812
-1342.08,-829.996
-1343.56,-831.047
-1345.17,-832.265
-1346.66,-833.323
-1348.28,-834.475
-1349.78,-835.536
-1351.4,-836.684
-1352.9,-837.748
-1354.49,-838.879
-1356,-839.949
-1357.59,-841.072
-1359.1,-842.142
-1360.68,-843.22
-1362.23,-844.322
-1363.78,-845.415
-1365.31,-846.496
-1366.84,-847.581
-1368.4,-848.684
-1369.93,-849.769
-1371.45,-850.845
-1372.99,-851.929
-1374.55,-853.033
-1376.06,-854.142
-1377.59,-855.226
-1379.11,-856.301
-1380.68,-857.411
-1382.2,-858.486
-1383.73,-859.564
-1385.27,-860.65
-1386.79,-861.723
-1388.31,-862.8
-1389.88,-863.907
-1391.41,-864.984
-1392.93,-866.06
-1394.46,-867.138
-1396.02,-868.235
-1397.57,-869.288
-1399.09,-870.357
-1400.64,-871.45
-1402.2,-872.553
-1403.76,-873.65
-1403.77,-873.658
-1405.29,-874.729
-1406.85,-875.826
-1406.85,-875.829
-1408.41,-876.921
-1409.99,-878.034
-1409.99,-878.038
-1411.51,-879.109
-1413.06,-880.2
-1413.08,-880.208
-1414.65,-881.317
-1416.22,-882.416
-1416.22,-882.421
-1417.76,-883.503
-1419.32,-884.636
-1419.32,-884.64
-1420.85,-885.711
-1422.41,-886.811
-1422.42,-886.814
-1423.96,-887.9
-1425.53,-889.005
-1425.54,-889.009
-1427.09,-890.098
-1428.67,-891.205
-1428.68,-891.211
-1430.21,-892.287
-1431.78,-893.389
-1431.78,-893.391
-1433.34,-894.484
-1434.91,-895.585
-1434.92,-895.589
-1436.45,-896.665
-1438.04,-897.778
-1438.05,-897.782
-1439.58,-898.857
-1441.15,-899.953
-1441.15,-899.955
-1442.72,-901.054
-1444.32,-902.137
-1444.33,-902.143
-1445.88,-903.227
-1447.47,-904.339
-1447.48,-904.35
-1449.03,-905.434
-1450.61,-906.537
-1450.63,-906.552
-1452.2,-907.65
-1453.75,-908.73
-1455.3,-909.818
-1456.84,-910.892
-1458.37,-911.963
-1459.91,-913.04
-1461.46,-914.117
-1462.98,-915.182
-1464.53,-916.261
-1466.04,-917.316
-1467.58,-918.392
-1469.1,-919.448
-1470.67,-920.546
-1472.15,-921.578
-1473.69,-922.645
-1475.18,-923.69
-1476.72,-924.758
-1478.22,-925.802
-1479.75,-926.869
-1481.26,-927.916
-1482.78,-928.975
-1484.28,-930.017
-1485.81,-931.086
-1487.33,-932.102
-1488.86,-933.16
-1490.37,-934.214
-1491.89,-935.267
-1493.42,-936.328
-1494.92,-937.373
-1496.47,-938.443
-1497.99,-939.504
-1499.52,-940.563
-1501.04,-941.613
-1502.59,-942.69
-1504.12,-943.757
-1505.64,-944.821
-1507.15,-945.883
-1508.69,-946.958
-1510.23,-948.019
-1511.76,-949.076
-1513.28,-950.132
-1514.83,-951.161
-1516.38,-952.232
-1517.89,-953.275
-1519.44,-954.347
-1520.94,-955.426
-1522.46,-956.47
-1524.02,-957.549
-1525.56,-958.609
-1527.08,-959.661
-1528.62,-960.72
-1530.14,-961.767
-1531.68,-962.828
-1533.21,-963.885
-1534.74,-964.936
-1536.28,-965.998
-1537.83,-967.065
-1539.35,-968.11
-1540.88,-969.164
-1542.43,-970.229
-1543.96,-971.28
-1545.5,-972.337
-1547.05,-973.402
-1548.57,-974.449
-1550.11,-975.504
-1551.64,-976.555
-1553.19,-977.618
-1554.72,-978.669
-1556.26,-979.72
-1557.8,-980.78
-1559.35,-981.841
-1560.9,-982.899
-1562.43,-983.947
-1563.99,-985.014
-1565.55,-986.079
-1567.09,-987.136
-1568.65,-988.2
-1570.2,-989.263
-1571.74,-990.311
-1573.32,-991.394
-1574.89,-992.46
-1576.44,-993.521
-1577.98,-994.573
-1579.55,-995.64
-1581.09,-996.694
-1582.67,-997.766
-1584.25,-998.841
-1585.79,-999.89
-1587.36,-1000.96
-1588.9,-1002.05
-1590.47,-1003.12
-1592.03,-1004.18
-1593.6,-1005.24
-1595.14,-1006.29
-1595.14,-1006.29
-1596.71,-1007.36
-1598.26,-1008.41
-1598.27,-1008.41
-1599.83,-1009.48
-1601.39,-1010.49
-1601.4,-1010.5
-1602.98,-1011.57
-1604.51,-1012.61
-1604.53,-1012.62
-1606.08,-1013.67
-1607.62,-1014.76
-1607.64,-1014.76
-1609.2,-1015.82
-1610.77,-1016.89
-1610.78,-1016.89
-1612.33,-1017.94
-1613.9,-1019
-1613.91,-1019.01
-1615.47,-1020.06
-1617.04,-1021.12
-1617.06,-1021.13
-1618.63,-1022.19
-1620.19,-1023.25
-1620.21,-1023.27
-1621.79,-1024.33
-1623.38,-1025.4
-1623.42,-1025.43
-1624.96,-1026.47
-1626.51,-1027.51
-1626.54,-1027.53
-1628.12,-1028.6
-1629.69,-1029.61
-1629.73,-1029.64
-1631.3,-1030.7
-1632.87,-1031.75
-1632.93,-1031.79
-1634.5,-1032.85
-1636.03,-1033.88
-1636.09,-1033.92
-1637.65,-1034.96
-1639.17,-1036.07
-1639.23,-1036.11
-1640.77,-1037.14
-1642.33,-1038.19
-1642.38,-1038.23
-1643.92,-1039.26
-1645.46,-1040.29
-1645.5,-1040.32
-1647.06,-1041.36
-1648.58,-1042.38
-1648.61,-1042.4
-1650.14,-1043.43
-1651.68,-1044.46
-1651.71,-1044.47
-1653.24,-1045.5
-1654.76,-1046.51
-1654.77,-1046.52
-1656.29,-1047.54
-1657.83,-1048.57
-1657.84,-1048.57
-1659.38,-1049.6
-1660.9,-1050.62
-1660.91,-1050.62
-1662.44,-1051.65
-1663.99,-1052.6
-1664,-1052.6
-1665.53,-1053.63
-1667.05,-1054.64
-1667.06,-1054.64
-1668.58,-1055.66
-1670.11,-1056.68
-1670.12,-1056.68
-1671.65,-1057.7
-1673.15,-1058.78
-1673.15,-1058.78
-1674.69,-1059.8
-1676.19,-1060.8
-1676.2,-1060.81
-1677.74,-1061.83
-1679.25,-1062.83
-1679.25,-1062.84
-1680.8,-1063.86
-1682.34,-1064.81
-1682.37,-1064.82
-1683.88,-1065.83
-1685.43,-1066.85
-1685.44,-1066.86
-1686.97,-1067.87
-1688.5,-1068.89
-1688.51,-1068.9
-1690.05,-1069.92
-1691.57,-1070.92
-1691.58,-1070.93
-1693.13,-1071.95
-1694.64,-1072.95
-1694.64,-1072.95
-1696.18,-1073.97
-1697.69,-1074.98
-1697.7,-1074.98
-1699.22,-1076
-1700.76,-1077.02
-1700.76,-1077.02
-1702.3,-1078.04
-1703.8,-1079.04
-1703.81,-1079.04
-1705.33,-1080.05
-1706.86,-1081.05
-1706.87,-1081.06
-1708.39,-1082.06
-1709.91,-1083.06
-1709.92,-1083.07
-1711.46,-1084.08
-1712.95,-1085.06
-1712.96,-1085.07
-1714.53,-1086.1
-1716.05,-1087.1
-1716.06,-1087.1
-1717.59,-1088.11
-1719.11,-1089.1
-1719.11,-1089.11
-1720.64,-1090.11
-1722.18,-1091.12
-1722.19,-1091.12
-1723.73,-1092.13
-1725.23,-1093.11
-1725.24,-1093.12
-1726.76,-1094.1
-1728.32,-1095.1
-1728.32,-1095.1
-1729.85,-1096.1
-1731.37,-1097.1
-1731.39,-1097.11
-1732.93,-1098.11
-1734.43,-1099.09
-1734.44,-1099.1
-1735.99,-1100.11
-1737.49,-1101.09
-1737.5,-1101.1
-1739.04,-1102.1
-1740.54,-1103.08
-1740.56,-1103.09
-1742.09,-1104.09
-1743.61,-1105.07
-1743.62,-1105.08
-1745.14,-1106.07
-1746.66,-1107.06
-1746.67,-1107.07
-1748.18,-1108.05
-1749.71,-1109.04
-1749.73,-1109.05
-1751.26,-1110.05
-1752.72,-1111.08
-1752.73,-1111.08
-1754.26,-1112.08
-1755.76,-1113.05
-1755.77,-1113.05
-1757.28,-1114.03
-1758.81,-1115.02
-1758.82,-1115.03
-1760.34,-1116.02
-1760.76,-1116.29
-1762.28,-1117.27
-1763.84,-1118.28
-1765.37,-1119.26
-1765.54,-1119.37
-1767.08,-1120.37
-1768.61,-1121.36
-1768.73,-1121.43
-1770.26,-1122.42
-1771.77,-1123.4
-1771.85,-1123.45
-1773.36,-1124.42
-1773.74,-1124.67
-1775.28,-1125.66
-1776.84,-1126.66
-1777.1,-1126.84
-1778.65,-1127.83
-1780.2,-1128.83
-1780.37,-1128.94
-1781.95,-1129.96
-1783.55,-1130.98
-1783.62,-1131.03
-1785.18,-1132.03
-1786.8,-1133.07
-1786.8,-1133.07
-1788.36,-1134.07
-1789.98,-1135.11
-1790.01,-1135.13
-1791.59,-1136.14
-1793.2,-1137.17
-1793.27,-1137.22
-1794.85,-1138.23
-1796.45,-1139.26
-1796.54,-1139.31
-1798.09,-1140.31
-1799.71,-1141.34
-1799.81,-1141.41
-1801.36,-1142.4
-1802.96,-1143.42
-1804.55,-1144.43
-1805.24,-1144.87
-1806.8,-1145.79
-1806.89,-1145.85
-1808.45,-1146.84
-1809.96,-1147.81
-1810.02,-1147.85
-1811.59,-1148.85
-1813.14,-1149.83
-1813.17,-1149.85
-1814.69,-1150.82
-1816.25,-1151.81
-1816.27,-1151.83
-1817.8,-1152.8
-1819.36,-1153.79
-1819.38,-1153.8
-1820.89,-1154.76
-1822.44,-1155.74
-1822.45,-1155.75
-1824.01,-1156.74
-1825.56,-1157.73
-1825.56,-1157.73
-1827.09,-1158.7
-1828.63,-1159.68
-1828.64,-1159.68
-1830.19,-1160.68
-1831.75,-1161.69
-1831.75,-1161.69
-1833.28,-1162.66
-1834.85,-1163.66
-1836.38,-1164.62
-1836.94,-1164.98
-1838.46,-1165.94
-1838.64,-1166.06
-1840.14,-1167
-1841.68,-1167.98
-1841.83,-1168.07
-1843.33,-1169.02
-1844.87,-1169.99
-1844.99,-1170.07
-1846.51,-1171.02
-1848.06,-1172.01
-1848.16,-1172.07
-1849.68,-1173.02
-1851.25,-1174.02
-1851.33,-1174.07
-1852.85,-1175.02
-1854.43,-1175.98
-1854.5,-1176.02
-1856.04,-1177
-1857.61,-1177.98
-1857.66,-1178.01
-1859.19,-1178.98
-1860.79,-1179.94
-1860.83,-1179.97
-1862.36,-1180.93
-1863.96,-1181.93
-1863.98,-1181.95
-1865.52,-1182.92
-1867.1,-1183.91
-1867.12,-1183.92
-1868.66,-1184.89
-1870.23,-1185.87
-1870.23,-1185.87
-1871.81,-1186.86
-1873.38,-1187.85
-1873.39,-1187.85
-1874.99,-1188.85
-1876.57,-1189.84
-1876.6,-1189.87
-1878.15,-1190.83
-1879.74,-1191.83
-1879.8,-1191.87
-1881.34,-1192.83
-1882.89,-1193.84
-1882.94,-1193.87
-1884.5,-1194.85
-1886.07,-1195.83
-1886.13,-1195.87
-1887.68,-1196.84
-1889.23,-1197.84
-1889.3,-1197.89
-1890.84,-1198.85
-1892.39,-1199.81
-1892.46,-1199.86
-1894.03,-1200.84
-1895.58,-1201.8
-1895.66,-1201.85
-1897.19,-1202.81
-1898.73,-1203.77
-1898.81,-1203.82
-1900.34,-1204.78
-1901.89,-1205.74
-1901.97,-1205.79
-1903.46,-1206.72
-1904.99,-1207.67
-1905.05,-1207.71
-1906.59,-1208.66
-1908.11,-1209.61
-1908.16,-1209.64
-1909.65,-1210.57
-1911.18,-1211.52
-1911.22,-1211.54
-1912.71,-1212.47
-1914.25,-1213.42
-1914.27,-1213.44
-1915.76,-1214.36
-1917.28,-1215.31
-1917.29,-1215.31
-1918.76,-1216.23
-1920.28,-1217.17
-1920.3,-1217.18
-1921.78,-1218.1
-1923.3,-1219.04
-1923.32,-1219.05
-1924.79,-1219.96
-1926.32,-1220.91
-1926.35,-1220.93
-1927.82,-1221.84
-1929.35,-1222.79
-1929.39,-1222.81
-1930.87,-1223.73
-1932.39,-1224.67
-1932.43,-1224.7
-1933.91,-1225.61
-1935.43,-1226.55
-1935.48,-1226.58
-1937.02,-1227.53
-1938.54,-1228.47
-1938.58,-1228.5
-1940.07,-1229.42
-1941.59,-1230.36
-1941.65,-1230.4
-1943.15,-1231.33
-1944.7,-1232.28
-1944.75,-1232.31
-1946.25,-1233.24
-1947.79,-1234.19
-1947.84,-1234.22
-1949.34,-1235.14
-1950.88,-1236.09
-1950.93,-1236.12
-1952.44,-1237.05
-1953.98,-1238
-1954.02,-1238.03
-1955.53,-1238.96
-1957.08,-1239.91
-1957.11,-1239.93
-1958.62,-1240.87
-1960.17,-1241.83
-1960.19,-1241.85
-1961.68,-1242.78
-1963.23,-1243.74
-1963.25,-1243.75
-1964.77,-1244.69
-1966.33,-1245.65
-1966.34,-1245.66
-1967.86,-1246.59
-1969.43,-1247.55
-1969.43,-1247.55
-1970.94,-1248.48
-1972.5,-1249.44
-1972.5,-1249.44
-1974.01,-1250.37
-1975.57,-1251.33
-1975.58,-1251.33
-1977.09,-1252.26
-1978.63,-1253.2
-1978.64,-1253.21
-1980.19,-1254.16
-1981.73,-1255.11
-1981.76,-1255.12
-1983.27,-1256.05
-1984.82,-1257
-1984.85,-1257.02
-1986.36,-1257.94
-1987.89,-1258.89
-1987.91,-1258.89
-1989.45,-1259.84
-1990.96,-1260.76
-1990.97,-1260.77
-1992.5,-1261.71
-1994.04,-1262.65
-1994.05,-1262.66
-1995.6,-1263.6
-1997.15,-1264.48
-1997.17,-1264.49
-1998.69,-1265.42
-2000.21,-1266.35
-2000.23,-1266.36
-2001.74,-1267.28
-2003.29,-1268.23
-2003.31,-1268.24
-2004.82,-1269.17
-2006.34,-1270.1
-2006.36,-1270.11
-2007.88,-1271.03
-2009.39,-1271.96
-2009.4,-1271.97
-2010.94,-1272.91
-2012.44,-1273.82
-2012.45,-1273.83
-2013.96,-1274.75
-2015.49,-1275.68
-2015.51,-1275.7
-2017.03,-1276.63
-2018.54,-1277.55
-2018.55,-1277.55
-2020.06,-1278.48
-2021.59,-1279.41
-2021.6,-1279.42
-2023.1,-1280.33
-2024.64,-1281.27
-2024.65,-1281.27
-2026.16,-1282.19
-2027.67,-1283.11
-2027.68,-1283.12
-2029.2,-1284.05
-2030.73,-1284.94
-2030.74,-1284.95
-2032.25,-1285.86
-2033.76,-1286.79
-2033.79,-1286.8
-2035.28,-1287.71
-2036.78,-1288.66
-2036.8,-1288.68
-2038.33,-1289.61
-2039.81,-1290.51
-2039.83,-1290.52
-2041.35,-1291.44
-2042.86,-1292.36
-2042.89,-1292.39
-2044.38,-1293.29
-2045.89,-1294.21
-2045.93,-1294.23
-2047.41,-1295.14
-2048.92,-1296.05
-2048.95,-1296.07
-2050.43,-1296.97
-2051.92,-1297.87
-2051.93,-1297.88
-2053.43,-1298.8
-2054.92,-1299.7
-2054.93,-1299.7
-2056.41,-1300.6
-2057.91,-1301.52
-2057.92,-1301.52
-2059.42,-1302.44
-2060.9,-1303.33
-2060.92,-1303.34
-2062.4,-1304.24
-2063.88,-1305.14
-2063.9,-1305.16
-2065.4,-1306.07
-2066.88,-1306.96
-2066.91,-1306.98
-2068.4,-1307.88
-2069.9,-1308.79
-2069.93,-1308.81
-2071.43,-1309.72
-2072.92,-1310.63
-2072.95,-1310.65
-2074.45,-1311.56
-2075.92,-1312.45
-2075.96,-1312.47
-2077.47,-1313.39
-2078.94,-1314.28
-2078.98,-1314.3
-2080.47,-1315.21
-2081.97,-1316.12
-2082,-1316.13
-2083.51,-1317.05
-2085,-1317.95
-2085.03,-1317.97
-2086.53,-1318.88
-2088.01,-1319.78
-2088.05,-1319.8
-2089.57,-1320.72
-2091.06,-1321.62
-2091.09,-1321.64
-2092.58,-1322.54
-2094.09,-1323.46
-2094.12,-1323.48
-2095.6,-1324.38
-2097.14,-1325.31
-2097.17,-1325.33
-2098.7,-1326.25
-2100.19,-1327.15
-2100.22,-1327.17
-2101.74,-1328.09
-2103.23,-1329
-2103.27,-1329.02
-2104.8,-1329.94
-2106.31,-1330.86
-2106.35,-1330.88
-2107.88,-1331.81
-2109.38,-1332.72
-2109.43,-1332.74
-2110.97,-1333.68
-2112.47,-1334.59
-2112.52,-1334.61
-2114.07,-1335.55
-2115.58,-1336.46
-2115.61,-1336.48
-2117.13,-1337.4
-2118.66,-1338.33
-2118.7,-1338.35
-2120.23,-1339.28
-2121.76,-1340.21
-2121.8,-1340.23
-2123.35,-1341.17
-2124.88,-1342.09
-2124.91,-1342.11
-2126.47,-1343.05
-2127.99,-1343.97
-2128.03,-1343.99
-2129.58,-1344.93
-2131.12,-1345.86
-2131.15,-1345.88
-2132.72,-1346.83
-2134.25,-1347.76
-2134.29,-1347.78
-2135.87,-1348.73
-2137.41,-1349.66
-2137.43,-1349.68
-2139.02,-1350.64
-2140.55,-1351.56
-2140.58,-1351.58
-2142.16,-1352.53
-2143.71,-1353.47
-2143.73,-1353.48
-2145.31,-1354.44
-2146.86,-1355.38
-2146.88,-1355.39
-2148.47,-1356.35
-2150.02,-1357.28
-2150.04,-1357.29
-2151.63,-1358.25
-2153.18,-1359.19
-2153.19,-1359.2
-2154.78,-1360.16
-2156.34,-1361.1
-2156.35,-1361.11
-2157.95,-1362.07
-2159.51,-1363.01
-2159.52,-1363.02
-2161.11,-1363.98
-2162.65,-1364.95
-2162.66,-1364.95
-2164.25,-1365.92
-2165.83,-1366.87
-2165.83,-1366.87
-2167.43,-1367.83
-2169.03,-1368.76
-2169.04,-1368.77
-2170.65,-1369.74
-2172.23,-1370.69
-2172.25,-1370.7
-2173.85,-1371.67
-2175.43,-1372.62
-2175.45,-1372.63
-2177.05,-1373.6
-2178.63,-1374.55
-2178.64,-1374.56
-2180.24,-1375.52
-2181.83,-1376.48
-2181.84,-1376.49
-2183.43,-1377.45
-2185.03,-1378.42
-2185.04,-1378.42
-2186.66,-1379.4
-2188.24,-1380.35
-2188.25,-1380.35
-2189.86,-1381.33
-2191.45,-1382.29
-2191.47,-1382.3
-2193.07,-1383.26
-2194.66,-1384.23
-2194.68,-1384.23
-2196.3,-1385.19
-2197.9,-1386.14
-2197.91,-1386.15
-2199.51,-1387.11
-2201.12,-1388.08
-2201.14,-1388.09
-2202.75,-1389.06
-2204.32,-1390.05
-2204.34,-1390.06
-2205.96,-1391.04
-2207.55,-1392
-2207.57,-1392.01
-2209.19,-1392.99
-2210.79,-1393.95
-2210.81,-1393.96
-2212.41,-1394.93
-2214.02,-1395.9
-2214.05,-1395.91
-2215.65,-1396.88
-2217.26,-1397.85
-2217.29,-1397.87
-2218.9,-1398.84
-2220.49,-1399.79
-2220.51,-1399.81
-2222.13,-1400.78
-2223.73,-1401.75
-2223.76,-1401.76
-2225.38,-1402.74
-2226.98,-1403.71
-2227.01,-1403.73
-2228.63,-1404.7
-2230.22,-1405.66
-2230.26,-1405.68
-2231.86,-1406.65
-2233.44,-1407.64
-2233.47,-1407.66
-2235.07,-1408.62
-2236.67,-1409.59
-2236.69,-1409.6
-2238.31,-1410.58
-2239.91,-1411.54
-2239.93,-1411.55
-2241.55,-1412.53
-2243.14,-1413.48
-2243.17,-1413.5
-2244.75,-1414.46
-2246.35,-1415.44
-2246.38,-1415.45
-2247.97,-1416.43
-2249.57,-1417.39
-2249.59,-1417.41
-2251.2,-1418.38
-2252.78,-1419.33
-2252.8,-1419.34
-2254.41,-1420.31
-2255.99,-1421.26
-2256,-1421.27
-2257.61,-1422.24
-2259.18,-1423.19
-2259.19,-1423.19
-2260.81,-1424.17
-2262.38,-1425.11
-2262.39,-1425.11
-2264.01,-1426.09
-2265.63,-1426.95
-2265.64,-1426.96
-2267.26,-1427.93
-2268.84,-1428.88
-2268.85,-1428.89
-2270.48,-1429.87
-2272.07,-1430.83
-2272.08,-1430.84
-2273.68,-1431.8
-2275.29,-1432.77
-2275.32,-1432.78
-2276.93,-1433.75
-2278.54,-1434.72
-2278.57,-1434.74
-2280.21,-1435.73
-2281.8,-1436.69
-2281.82,-1436.7
-2283.42,-1437.66
-2285.05,-1438.64
-2285.07,-1438.65
-2286.7,-1439.64
-2288.3,-1440.63
-2288.31,-1440.64
-2289.96,-1441.64
-2291.54,-1442.58
-2291.55,-1442.59
-2293.16,-1443.56
-2294.78,-1444.54
-2294.79,-1444.54
-2296.43,-1445.53
-2298.04,-1446.5
-2298.05,-1446.5
-2299.68,-1447.49
-2301.29,-1448.45
-2301.3,-1448.46
-2302.93,-1449.44
-2304.54,-1450.41
-2304.55,-1450.42
-2306.17,-1451.39
-2307.8,-1452.37
-2307.81,-1452.38
-2309.43,-1453.35
-2311.05,-1454.33
-2311.07,-1454.34
-2312.7,-1455.32
-2314.32,-1456.3
-2314.34,-1456.3
-2315.97,-1457.29
-2317.59,-1458.26
-2317.62,-1458.28
-2319.22,-1459.32
-2320.82,-1460.28
-2322.45,-1461.27
-2324.03,-1462.22
-2325.67,-1463.2
-2327.23,-1464.14
-2328.86,-1465.08
-2330.46,-1466.05
-2332.09,-1467.02
-2333.65,-1467.96
-2335.25,-1468.93
-2336.84,-1469.88
-2338.46,-1470.85
-2340.02,-1471.79
-2341.63,-1472.74
-2343.25,-1473.71
-2343.29,-1473.73
-2344.88,-1474.68
-2346.5,-1475.66
-2346.53,-1475.67
-2348.1,-1476.62
-2349.73,-1477.6
-2349.74,-1477.6
-2351.35,-1478.57
-2352.93,-1479.52
-2352.94,-1479.53
-2354.56,-1480.5
-2356.13,-1481.45
-2356.15,-1481.46
-2357.74,-1482.42
-2359.34,-1483.38
-2359.37,-1483.4
-2360.96,-1484.35
-2362.53,-1485.38
-2362.58,-1485.4
-2364.17,-1486.36
-2365.79,-1487.34
-2365.84,-1487.37
-2367.44,-1488.33
-2369.06,-1489.3
-2369.11,-1489.33
-2371.23,-1490.61
-2372.85,-1491.58
-2374.54,-1492.6
-2374.92,-1492.82
-2376.54,-1493.8
-2378.24,-1494.83
-2378.5,-1494.98
-2380.17,-1495.99
-2381.9,-1497.02
-2382.05,-1497.11
-2383.76,-1498.14
-2385.48,-1499.18
-2385.53,-1499.21
-2387.27,-1500.25
-2389.01,-1501.3
-2389.03,-1501.31
-2390.74,-1502.34
-2392.5,-1503.4
-2392.57,-1503.44
-2394.27,-1504.46
-2396.03,-1505.52
-2396.13,-1505.58
-2397.82,-1506.6
-2399.57,-1507.65
-2399.69,-1507.72
-2401.4,-1508.74
-2403.16,-1509.76
-2404.13,-1510.33
-2405.89,-1511.37
-2407.59,-1512.4
-2409.33,-1513.44
-2410.99,-1514.44
-2412.7,-1515.47
-2414.38,-1516.48
-2416.1,-1517.51
-2417.77,-1518.52
-2419.52,-1519.49
-2421.18,-1520.49
-2422.89,-1521.52
-2424.55,-1522.52
-2426.23,-1523.61
-2427.89,-1524.61
-2429.58,-1525.63
-2431.31,-1526.66
-2432.99,-1527.68
-2434.63,-1528.66
-2436.37,-1529.7
-2438.08,-1530.72
-2439.8,-1531.74
-2441.47,-1532.74
-2443.2,-1533.78
-2444.89,-1534.79
-2446.61,-1535.83
-2448.3,-1536.84
-2450.02,-1537.92
-2451.7,-1538.93
-2453.43,-1539.97
-2455.11,-1540.98
-2456.82,-1542.01
-2458.55,-1543.05
-2460.26,-1544.08
-2461.94,-1545.09
-2463.68,-1546.14
-2465.36,-1547.15
-2467.11,-1548.2
-2468.8,-1549.22
-2470.52,-1550.25
-2472.22,-1551.27
-2473.94,-1552.31
-2475.64,-1553.33
-2477.36,-1554.37
-2479.04,-1555.38
-2480.77,-1556.42
-2482.48,-1557.45
-2484.19,-1558.48
-2485.88,-1559.5
-2487.6,-1560.53
-2489.28,-1561.54
-2490.98,-1562.57
-2492.72,-1563.62
-2494.4,-1564.64
-2496.09,-1565.66
-2497.79,-1566.69
-2499.52,-1567.74
-2501.23,-1568.77
-2502.92,-1569.79
-2504.65,-1570.83
-2506.34,-1571.85
-2508.07,-1572.89
-2509.81,-1573.9
-2511.56,-1574.91
-2513.24,-1575.92
-2514.99,-1576.98
-2516.68,-1578
-2518.43,-1579.05
-2520.11,-1580.06
-2521.86,-1581.12
-2523.55,-1582.13
-2525.31,-1583.19
-2527.01,-1584.21
-2528.74,-1585.3
-2530.43,-1586.32
-2532.18,-1587.37
-2533.88,-1588.39
-2535.62,-1589.44
-2537.34,-1590.47
-2539.07,-1591.52
-2540.77,-1592.54
-2542.49,-1593.62
-2544.19,-1594.64
-2545.93,-1595.69
-2547.63,-1596.71
-2549.37,-1597.76
-2551.06,-1598.78
-2552.82,-1599.8
-2554.53,-1600.83
-2556.26,-1601.88
-2557.96,-1602.9
-2559.7,-1603.98
-2561.41,-1605.01
-2563.16,-1606.07
-2564.85,-1607.09
-2566.61,-1608.11
-2568.36,-1609.17
-2570.09,-1610.21
-2571.79,-1611.23
-2573.53,-1612.28
-2575.23,-1613.31
-2576.95,-1614.35
-2578.71,-1615.39
-2580.44,-1616.41
-2582.14,-1617.44
-2583.88,-1618.48
-2585.57,-1619.5
-2587.28,-1620.58
-2589,-1621.61
-2590.71,-1622.64
-2592.42,-1623.67
-2594.13,-1624.71
-2595.84,-1625.74
-2597.52,-1626.75
-2599.26,-1627.8
-2600.98,-1628.88
-2601.03,-1628.91
-2602.72,-1629.92
-2604.44,-1630.96
-2604.49,-1631
-2606.19,-1632.02
-2607.92,-1633.06
-2607.97,-1633.09
-2609.66,-1634.11
-2611.38,-1635.15
-2611.44,-1635.19
-2613.12,-1636.2
-2614.85,-1637.21
-2614.91,-1637.24
-2616.6,-1638.26
-2618.31,-1639.29
-2618.36,-1639.32
-2620.04,-1640.34
-2621.72,-1641.39
-2621.76,-1641.42
-2623.47,-1642.45
-2625.16,-1643.47
-2625.2,-1643.5
-2626.86,-1644.5
-2628.56,-1645.52
-2628.59,-1645.54
-2630.27,-1646.56
-2631.96,-1647.57
-2631.99,-1647.59
-2633.67,-1648.6
-2635.32,-1649.65
-2635.34,-1649.66
-2636.98,-1650.65
-2638.66,-1651.66
-2638.67,-1651.66
-2640.32,-1652.66
-2642.01,-1653.68
-2642.03,-1653.69
-2643.7,-1654.63
-2645.41,-1655.58
-2645.44,-1655.6
-2647.11,-1656.61
-2648.78,-1657.62
-2648.81,-1657.63
-2650.47,-1658.64
-2652.14,-1659.65
-2652.18,-1659.67
-2653.86,-1660.69
-2655.49,-1661.71
-2655.54,-1661.74
-2657.21,-1662.75
-2658.88,-1663.76
-2658.93,-1663.79
-2660.59,-1664.79
-2662.26,-1665.84
-2662.31,-1665.87
-2663.97,-1666.88
-2665.65,-1667.89
-2665.7,-1667.92
-2667.39,-1668.94
-2669.05,-1669.95
-2669.11,-1669.98
-2670.78,-1670.99
-2672.45,-1672
-2672.5,-1672.03
-2674.18,-1673.05
-2675.88,-1674.07
-2675.93,-1674.1
-2677.64,-1675.14
-2679.32,-1676.15
-2679.36,-1676.18
-2681.04,-1677.19
-2682.73,-1678.22
-2682.78,-1678.24
-2684.48,-1679.27
-2686.18,-1680.3
-2686.22,-1680.33
-2687.92,-1681.35
-2689.62,-1682.38
-2689.66,-1682.4
-2691.35,-1683.42
-2693.06,-1684.46
-2693.1,-1684.48
-2694.77,-1685.53
-2696.47,-1686.6
-2696.5,-1686.62
-2698.19,-1687.64
-2699.89,-1688.67
-2699.92,-1688.69
-2701.65,-1689.73
-2703.37,-1690.77
-2705.09,-1691.82
-2706.81,-1692.85
-2708.53,-1693.9
-2710.24,-1694.93
-2711.93,-1695.95
-2713.65,-1696.99
-2715.39,-1698.05
-2717.09,-1699.07
-2718.8,-1700.11
-2720.53,-1701.16
-2722.26,-1702.2
-2723.96,-1703.23
-2725.7,-1704.28
-2727.39,-1705.31
-2729.13,-1706.36
-2730.82,-1707.38
-2732.56,-1708.43
-2734.26,-1709.46
-2736,-1710.52
-2737.7,-1711.55
-2739.43,-1712.59
-2741.15,-1713.63
-2742.88,-1714.68
-2744.6,-1715.72
-2746.32,-1716.76
-2748.06,-1717.77
-2749.8,-1718.83
-2751.52,-1719.87
-2753.25,-1720.92
-2754.96,-1721.95
-2756.73,-1723.02
-2758.44,-1724.06
-2760.18,-1725.11
-2761.89,-1726.14
-2763.63,-1727.2
-2765.35,-1728.24
-2767.08,-1729.28
-2768.81,-1730.33
-2770.55,-1731.38
-2772.26,-1732.42
-2774,-1733.48
-2775.74,-1734.53
-2777.49,-1735.59
-2779.18,-1736.65
-2780.92,-1737.7
-2782.62,-1738.73
-2784.38,-1739.8
-2786.08,-1740.82
-2787.83,-1741.88
-2789.51,-1742.9
-2791.26,-1743.96
-2792.95,-1744.98
-2794.7,-1746.04
-2796.42,-1747
-2798.16,-1748.06
-2799.85,-1749.08
-2801.57,-1750.12
-2803.29,-1751.16
-2805.03,-1752.22
-2806.72,-1753.25
-2808.46,-1754.31
-2810.14,-1755.34
-2811.89,-1756.4
-2813.58,-1757.43
-2815.29,-1758.47
-2817.01,-1759.5
-2818.75,-1760.56
-2820.44,-1761.58
-2822.15,-1762.62
-2823.87,-1763.66
-2825.6,-1764.71
-2827.3,-1765.73
-2829.03,-1766.78
-2830.7,-1767.83
-2832.45,-1768.89
-2834.13,-1769.9
-2835.86,-1770.95
-2837.55,-1771.97
-2839.28,-1773.02
-2840.95,-1774.03
-2842.68,-1775.08
-2844.35,-1776.09
-2846.11,-1777.1
-2847.8,-1778.06
-2849.53,-1779.11
-2851.19,-1780.11
-2852.92,-1781.15
-2854.59,-1782.17
-2856.28,-1783.19
-2857.96,-1784.21
-2859.68,-1785.25
-2861.36,-1786.26
-2863.07,-1787.3
-2864.72,-1788.33
-2866.44,-1789.37
-2868.12,-1790.39
-2869.83,-1791.43
-2871.53,-1792.42
-2873.25,-1793.45
-2874.93,-1794.47
-2876.62,-1795.49
-2878.3,-1796.55
-2880.03,-1797.59
-2881.7,-1798.6
-2883.39,-1799.63
-2885.09,-1800.65
-2886.8,-1801.69
-2888.47,-1802.7
-2890.17,-1803.73
-2891.88,-1804.76
-2893.55,-1805.77
-2895.24,-1806.83
-2896.94,-1807.86
-2898.63,-1808.88
-2900.34,-1809.91
-2902.02,-1810.93
-2903.72,-1811.95
-2905.41,-1812.98
-2907.12,-1814.01
-2908.8,-1815.02
-2908.81,-1815.03
-2910.51,-1816.06
-2912.18,-1817.07
-2912.19,-1817.07
-2913.9,-1818.11
-2915.57,-1819.12
-2915.58,-1819.12
-2917.27,-1820.14
-2918.97,-1821.15
-2918.97,-1821.15
-2920.69,-1822.18
-2922.35,-1823.18
-2922.36,-1823.18
-2924.05,-1824.2
-2925.74,-1825.23
-2925.75,-1825.23
-2927.46,-1826.26
-2929.12,-1827.27
-2929.13,-1827.27
-2930.82,-1828.29
-2932.5,-1829.3
-2932.5,-1829.31
-2934.18,-1830.32
-2935.87,-1831.34
-2935.87,-1831.34
-2937.58,-1832.38
-2939.24,-1833.38
-2939.25,-1833.38
-2940.93,-1834.4
-2942.62,-1835.42
-2942.63,-1835.42
-2944.32,-1836.48
-2945.96,-1837.51
-2945.97,-1837.52
-2947.68,-1838.55
-2949.33,-1839.55
-2949.34,-1839.55
-2951.04,-1840.58
-2952.74,-1841.53
-2952.75,-1841.54
-2954.43,-1842.55
-2956.11,-1843.57
-2956.14,-1843.58
-2957.85,-1844.62
-2959.52,-1845.63
-2959.53,-1845.63
-2961.24,-1846.66
-2962.88,-1847.66
-2962.89,-1847.66
-2964.6,-1848.69
-2966.27,-1849.7
-2967.98,-1850.73
-2969.64,-1851.73
-2971.34,-1852.76
-2972.99,-1853.76
-2974.69,-1854.78
-2976.35,-1855.79
-2978.03,-1856.8
-2979.71,-1857.81
-2981.41,-1858.84
-2983.09,-1859.85
-2984.77,-1860.87
-2986.45,-1861.88
-2988.17,-1862.91
-2989.83,-1863.92
-2991.53,-1864.94
-2993.2,-1865.95
-2994.87,-1866.96
-2996.56,-1867.98
-2998.26,-1869
-2999.93,-1870.01
-3001.65,-1871.01
-3003.32,-1872.02
-3005.04,-1873.05
-3006.69,-1874.05
-3008.36,-1875.1
-3010.03,-1876.1
-3011.73,-1877.13
-3013.38,-1878.12
-3015.08,-1879.15
-3016.7,-1880.15
-3018.37,-1881.17
-3020.02,-1882.17
-3021.72,-1883.19
-3023.34,-1884.17
-3025.05,-1885.16
-3026.66,-1886.13
-3028.34,-1887.14
-3029.97,-1888.13
-3031.65,-1889.14
-3033.29,-1890.13
-3034.95,-1891.13
-3036.6,-1892.13
-3038.28,-1893.14
-3039.91,-1894.13
-3041.58,-1895.15
-3043.21,-1896.13
-3044.83,-1897.12
-3046.54,-1898.15
-3048.21,-1899.16
-3049.85,-1900.15
-3051.5,-1901.15
-3053.19,-1902.16
-3054.86,-1903.17
-3056.55,-1904.19
-3058.24,-1905.2
-3059.91,-1906.21
-3061.57,-1907.21
-3063.28,-1908.25
-3064.96,-1909.26
-3066.65,-1910.27
-3068.33,-1911.27
-3070.03,-1912.27
-3071.71,-1913.28
-3073.4,-1914.3
-3075.08,-1915.31
-3076.76,-1916.33
-3078.45,-1917.36
-3080.11,-1918.38
-3081.78,-1919.42
-3083.45,-1920.44
-3085.15,-1921.46
-3086.82,-1922.47
-3088.51,-1923.48
-3090.19,-1924.49
-3091.89,-1925.52
-3093.58,-1926.54
-3095.28,-1927.56
-3096.96,-1928.57
-3098.66,-1929.59
-3100.37,-1930.59
-3102.08,-1931.61
-3103.75,-1932.62
-3105.44,-1933.64
-3107.11,-1934.69
-3108.81,-1935.71
-3110.5,-1936.72
-3112.21,-1937.76
-3113.89,-1938.76
-3115.59,-1939.79
-3117.27,-1940.8
-3119.47,-1942.13
-3121.17,-1943.15
-3123.25,-1944.4
-3125.02,-1945.46
-3126.81,-1946.5
-3127.03,-1946.64
-3128.78,-1947.69
-3130.59,-1948.78
-3130.69,-1948.84
-3132.45,-1949.9
-3134.29,-1951
-3134.3,-1951.01
-3136.06,-1952.07
-3137.89,-1953.13
-3137.93,-1953.16
-3139.71,-1954.23
-3141.55,-1955.34
-3141.65,-1955.4
-3143.43,-1956.47
-3145.26,-1957.57
-3145.39,-1957.65
-3147.14,-1958.7
-3148.97,-1959.8
-3149.12,-1959.9
-3150.89,-1960.96
-3152.7,-1962.05
-3154.48,-1963.12
-3155.31,-1963.62
-3157.04,-1964.66
-3157.09,-1964.69
-3158.83,-1965.74
-3160.59,-1966.79
-3160.59,-1966.8
-3162.3,-1967.83
-3164.08,-1968.89
-3164.12,-1968.92
-3165.84,-1969.96
-3167.58,-1971.02
-3167.65,-1971.07
-3169.37,-1972.11
-3171.12,-1973.17
-3171.22,-1973.23
-3172.91,-1974.24
-3174.66,-1975.3
-3174.76,-1975.36
-3176.44,-1976.37
-3178.19,-1977.42
-3178.29,-1977.48
-3179.97,-1978.49
-3181.69,-1979.53
-3181.78,-1979.58
-3183.46,-1980.59
-3185.16,-1981.65
-3185.23,-1981.69
-3186.91,-1982.7
-3188.62,-1983.73
-3190.31,-1984.75
-3190.98,-1985.15
-3192.63,-1986.12
-3192.8,-1986.22
-3194.47,-1987.2
-3196.15,-1988.18
-3196.29,-1988.27
-3197.94,-1989.26
-3199.62,-1990.27
-3199.75,-1990.35
-3201.39,-1991.34
-3203.09,-1992.32
-3203.2,-1992.38
-3204.87,-1993.39
-3206.55,-1994.4
-3206.64,-1994.45
-3208.35,-1995.48
-3210.03,-1996.49
-3210.09,-1996.53
-3211.73,-1997.56
-3213.42,-1998.61
-3213.48,-1998.65
-3215.14,-1999.64
-3216.83,-2000.66
-3216.88,-2000.69
-3218.58,-2001.71
-3220.26,-2002.76
-3220.3,-2002.79
-3221.97,-2003.79
-3223.67,-2004.81
-3223.72,-2004.84
-3225.42,-2005.86
-3227.14,-2006.86
-3227.18,-2006.88
-3228.85,-2007.89
-3230.57,-2008.92
-3230.6,-2008.94
-3232.28,-2009.95
-3233.99,-2010.98
-3234.03,-2011
-3235.7,-2012
-3237.42,-2013.04
-3237.46,-2013.06
-3239.15,-2014.08
-3240.93,-2015.11
-3242.61,-2016.12
-3244.36,-2017.18
-3246.1,-2018.22
-3247.84,-2019.27
-3249.53,-2020.28
-3251.3,-2021.35
-3253.02,-2022.38
-3254.78,-2023.44
-3256.45,-2024.45
-3258.22,-2025.51
-3259.97,-2026.56
-3261.71,-2027.61
-3263.41,-2028.63
-3265.17,-2029.69
-3266.84,-2030.73
-3268.58,-2031.82
-3270.32,-2032.86
-3272.09,-2033.92
-3273.8,-2034.95
-3275.58,-2036.03
-3277.3,-2037.06
-3279.09,-2038.14
-3280.79,-2039.16
-3282.59,-2040.24
-3284.31,-2041.27
-3286.12,-2042.34
-3287.84,-2043.37
-3289.66,-2044.45
-3291.38,-2045.49
-3293.21,-2046.59
-3294.95,-2047.63
-3296.78,-2048.73
-3298.5,-2049.77
-3300.34,-2050.87
-3302.08,-2051.92
-3303.92,-2053.03
-3305.65,-2054.07
-3307.48,-2055.17
-3309.3,-2056.26
-3311.11,-2057.35
-3312.87,-2058.41
-3314.7,-2059.51
-3316.47,-2060.57
-3318.33,-2061.67
-3320.09,-2062.72
-3321.94,-2063.83
-3323.7,-2064.89
-3325.55,-2066
-3327.32,-2067.06
-3329.15,-2068.16
-3330.99,-2069.27
-3332.82,-2070.37
-3334.56,-2071.42
-3336.44,-2072.51
-3338.24,-2073.59
-3340.07,-2074.7
-3340.09,-2074.71
-3341.9,-2075.8
-3343.72,-2076.89
-3343.75,-2076.91
-3345.6,-2078.02
-3347.44,-2079.13
-3347.48,-2079.16
-3349.28,-2080.24
-3351.13,-2081.35
-3351.18,-2081.38
-3352.96,-2082.45
-3354.79,-2083.55
-3354.84,-2083.59
-3356.65,-2084.67
-3358.5,-2085.78
-3358.56,-2085.82
-3360.35,-2086.9
-3362.18,-2088
-3362.24,-2088.04
-3364.03,-2089.11
-3365.86,-2090.22
-3365.92,-2090.25
-3367.71,-2091.33
-3369.53,-2092.47
-3369.6,-2092.51
-3371.4,-2093.59
-3373.22,-2094.68
-3373.28,-2094.72
-3375.08,-2095.8
-3376.88,-2096.93
-3376.94,-2096.96
-3378.73,-2098.04
-3380.54,-2099.13
-3380.59,-2099.16
-3382.37,-2100.23
-3384.17,-2101.32
-3384.21,-2101.34
-3386.01,-2102.43
-3387.81,-2103.51
-3387.85,-2103.53
-3389.64,-2104.61
-3391.43,-2105.69
-3391.46,-2105.71
-3393.24,-2106.78
-3395,-2107.88
-3395.02,-2107.89
-3396.82,-2108.97
-3398.63,-2110.06
-3398.64,-2110.07
-3400.41,-2111.14
-3402.21,-2112.22
-3402.21,-2112.22
-3404.03,-2113.32
-3405.85,-2114.37
-3405.86,-2114.38
-3407.66,-2115.47
-3409.44,-2116.54
-3409.45,-2116.54
-3411.25,-2117.63
-3413.02,-2118.73
-3413.04,-2118.75
-3414.85,-2119.83
-3416.66,-2120.93
-3416.67,-2120.93
-3418.48,-2122.03
-3420.26,-2123.1
-3420.29,-2123.11
-3422.07,-2124.19
-3423.87,-2125.27
-3423.9,-2125.29
-3425.71,-2126.37
-3427.52,-2127.45
-3427.54,-2127.47
-3429.34,-2128.54
-3431.14,-2129.62
-3431.17,-2129.64
-3432.99,-2130.73
-3434.79,-2131.81
-3434.81,-2131.83
-3436.62,-2132.92
-3438.43,-2134.01
-3438.45,-2134.03
-3440.25,-2135.11
-3442.08,-2136.17
-3442.11,-2136.19
-3443.93,-2137.29
-3445.75,-2138.39
-3445.78,-2138.4
-3447.61,-2139.51
-3449.42,-2140.6
-3449.44,-2140.61
-3451.26,-2141.71
-3453.1,-2142.78
-3453.12,-2142.79
-3454.95,-2143.9
-3456.76,-2144.99
-3456.77,-2145
-3458.59,-2146.09
-3460.42,-2147.2
-3460.43,-2147.2
-3462.25,-2148.3
-3464.1,-2149.41
-3464.11,-2149.41
-3465.96,-2150.52
-3467.77,-2151.61
-3467.78,-2151.61
-3469.62,-2152.71
-3471.44,-2153.81
-3471.45,-2153.81
-3473.29,-2154.92
-3475.13,-2156.03
-3475.15,-2156.05
-3476.98,-2157.15
-3478.8,-2158.26
-3478.83,-2158.27
-3480.67,-2159.38
-3482.49,-2160.48
-3482.51,-2160.5
-3484.36,-2161.61
-3486.17,-2162.7
-3486.2,-2162.72
-3488.03,-2163.83
-3489.83,-2164.99
-3489.86,-2165.01
-3491.7,-2166.12
-3493.52,-2167.22
-3493.54,-2167.23
-3495.38,-2168.34
-3497.2,-2169.44
-3497.24,-2169.47
-3499.06,-2170.57
-3500.9,-2171.68
-3500.94,-2171.7
-3502.76,-2172.8
-3504.6,-2173.91
-3504.64,-2173.94
-3506.49,-2175.06
-3508.29,-2176.15
-3508.33,-2176.17
-3510.16,-2177.27
-3511.99,-2178.31
-3512.03,-2178.33
-3513.87,-2179.44
-3515.67,-2180.53
-3515.71,-2180.55
-3517.53,-2181.66
-3519.34,-2182.75
-3519.37,-2182.77
-3521.2,-2183.87
-3522.98,-2184.95
-3523.01,-2184.97
-3524.85,-2186.08
-3526.62,-2187.16
-3526.66,-2187.18
-3528.48,-2188.28
-3530.27,-2189.36
-3530.31,-2189.38
-3532.13,-2190.49
-3533.92,-2191.57
-3533.96,-2191.59
-3535.77,-2192.69
-3537.55,-2193.76
-3537.58,-2193.78
-3539.37,-2194.87
-3541.15,-2195.94
-3542.98,-2197.05
-3544.72,-2198.11
-3546.53,-2199.2
-3548.28,-2200.26
-3550.09,-2201.36
-3551.86,-2202.43
-3553.66,-2203.52
-3555.43,-2204.59
-3557.23,-2205.69
-3558.99,-2206.79
-3560.76,-2207.86
-3562.58,-2208.96
-3564.38,-2210.05
-3566.18,-2211.14
-3567.97,-2212.23
-3569.77,-2213.32
-3571.58,-2214.42
-3573.38,-2215.51
-3575.19,-2216.61
-3576.99,-2217.74
-3578.79,-2218.83
-3580.61,-2219.93
-3582.42,-2221.03
-3584.25,-2222.14
-3586.05,-2223.24
-3587.86,-2224.34
-3589.67,-2225.43
-3591.5,-2226.54
-3593.32,-2227.65
-3595.12,-2228.74
-3596.94,-2229.85
-3598.74,-2230.94
-3600.56,-2232.04
-3602.34,-2233.12
-3604.16,-2234.23
-3605.93,-2235.3
-3607.75,-2236.41
-3609.5,-2237.47
-3611.34,-2238.59
-3613.08,-2239.65
-3614.9,-2240.75
-3616.64,-2241.81
-3618.43,-2242.9
-3620.22,-2243.95
-3622,-2245.03
-3623.76,-2246.1
-3625.56,-2247.19
-3627.29,-2248.24
-3629.09,-2249.34
-3630.82,-2250.4
-3632.62,-2251.49
-3634.33,-2252.57
-3636.13,-2253.66
-3637.87,-2254.72
-3639.66,-2255.81
-3641.4,-2256.87
-3643.2,-2257.96
-3644.94,-2259.03
-3644.95,-2259.03
-3646.68,-2260.09
-3648.48,-2261.18
-3648.48,-2261.18
-3650.27,-2262.27
-3652.01,-2263.33
-3652.02,-2263.34
-3653.8,-2264.42
-3655.55,-2265.49
-3655.56,-2265.49
-3657.33,-2266.57
-3659.08,-2267.64
-3659.09,-2267.64
-3660.88,-2268.74
-3662.63,-2269.8
-3662.64,-2269.8
-3664.42,-2270.89
-3666.16,-2271.95
-3666.17,-2271.96
-3667.95,-2273.04
-3669.72,-2274.12
-3669.72,-2274.12
-3671.49,-2275.2
-3673.23,-2276.26
-3673.24,-2276.27
-3675.02,-2277.35
-3676.76,-2278.42
-3676.77,-2278.42
-3678.56,-2279.52
-3680.29,-2280.57
-3680.29,-2280.57
-3682.09,-2281.67
-3683.81,-2282.72
-3683.83,-2282.73
-3685.61,-2283.82
-3687.33,-2284.87
-3687.34,-2284.88
-3689.09,-2285.94
-3690.86,-2287.03
-3690.87,-2287.03
-3692.62,-2288.1
-3694.36,-2289.16
-3694.38,-2289.18
-3696.16,-2290.27
-3697.9,-2291.33
-3697.9,-2291.33
-3699.65,-2292.4
-3701.39,-2293.47
-3701.4,-2293.47
-3703.18,-2294.56
-3704.92,-2295.62
-3704.92,-2295.63
-3706.69,-2296.71
-3708.43,-2297.78
-3708.45,-2297.79
-3710.21,-2298.87
-3711.93,-2299.92
-3711.94,-2299.93
-3713.7,-2301
-3715.43,-2302.07
-3715.45,-2302.08
-3717.21,-2303.16
-3718.94,-2304.22
-3718.97,-2304.24
-3720.73,-2305.32
-3722.43,-2306.37
-3722.45,-2306.38
-3724.21,-2307.47
-3725.94,-2308.53
-3725.99,-2308.56
-3727.73,-2309.63
-3729.46,-2310.7
-3729.51,-2310.73
-3731.25,-2311.8
-3732.97,-2312.86
-3733.01,-2312.88
-3734.75,-2313.96
-3736.44,-2315.01
-3736.47,-2315.03
-3738.22,-2316.1
-3739.91,-2317.15
-3739.94,-2317.17
-3741.65,-2318.22
-3743.35,-2319.28
-3743.37,-2319.29
-3745.08,-2320.35
-3746.77,-2321.4
-3746.78,-2321.41
-3748.48,-2322.46
-3750.18,-2323.52
-3750.19,-2323.52
-3751.89,-2324.58
-3753.59,-2325.64
-3753.6,-2325.64
-3755.29,-2326.69
-3757,-2327.76
-3757.01,-2327.77
-3758.68,-2328.81
-3760.37,-2329.86
-3760.38,-2329.87
-3762.08,-2330.93
-3763.75,-2332.01
-3763.76,-2332.02
-3765.45,-2333.07
-3767.11,-2334.11
-3767.12,-2334.12
-3768.81,-2335.18
-3770.51,-2336.2
-3770.51,-2336.21
-3772.2,-2337.27
-3773.87,-2338.31
-3773.88,-2338.32
-3775.56,-2339.38
-3777.23,-2340.43
-3777.25,-2340.44
-3778.92,-2341.5
-3780.61,-2342.56
-3780.63,-2342.57
-3782.31,-2343.63
-3783.97,-2344.68
-3783.99,-2344.7
-3785.65,-2345.75
-3787.33,-2346.83
-3787.35,-2346.84
-3789.01,-2347.91
-3790.67,-2348.97
-3790.7,-2348.98
-3792.36,-2350.04
-3794.02,-2351.1
-3794.05,-2351.12
-3795.71,-2352.18
-3797.42,-2353.26
-3797.45,-2353.28
-3799.1,-2354.33
-3800.77,-2355.4
-3800.79,-2355.42
-3802.43,-2356.46
-3804.1,-2357.53
-3804.13,-2357.55
-3805.8,-2358.62
-3807.46,-2359.68
-3807.49,-2359.71
-3809.16,-2360.78
-3810.79,-2361.87
-3810.82,-2361.89
-3812.48,-2362.96
-3812.97,-2363.27
-3814.66,-2364.37
-3816.37,-2365.47
-3816.73,-2365.7
-3818.42,-2366.8
-3820.16,-2367.88
-3820.39,-2368.03
-3822.15,-2369.17
-3823.88,-2370.3
-3825.64,-2371.44
-3826.12,-2371.76
-3827.85,-2372.89
-3829.55,-2374
-3829.89,-2374.22
-3831.6,-2375.34
-3831.89,-2375.52
-3833.55,-2376.61
-3835.27,-2377.74
-3835.47,-2377.87
-3837.15,-2378.97
-3838.89,-2380.12
-3839,-2380.19
-3840.7,-2381.32
-3842.45,-2382.47
-3842.48,-2382.49
-3844.2,-2383.63
-3845.91,-2384.76
-3845.93,-2384.78
-3847.69,-2385.94
-3849.41,-2387.09
-3849.48,-2387.13
-3851.14,-2388.24
-3852.89,-2389.4
-3852.97,-2389.46
-3854.68,-2390.6
-3856.4,-2391.79
-3856.51,-2391.87
-3858.19,-2392.99
-3859.91,-2394.15
-3860.02,-2394.22
-3861.65,-2395.32
-3863.44,-2396.45
-3863.55,-2396.52
-3865.22,-2397.64
-3866.92,-2398.8
-3867.03,-2398.87
-3868.69,-2399.99
-3870.34,-2401.2
-3870.43,-2401.26
-3872.07,-2402.37
-3873.78,-2403.54
-3873.87,-2403.59
-3875.5,-2404.71
-3877.18,-2405.86
-3877.24,-2405.9
-3878.88,-2407.02
-3880.54,-2408.16
-3880.59,-2408.19
-3882.23,-2409.32
-3883.89,-2410.47
-3883.94,-2410.5
-3885.55,-2411.61
-3887.22,-2412.77
-3887.25,-2412.79
-3888.88,-2413.91
-3890.53,-2415.06
-3890.55,-2415.07
-3892.16,-2416.19
-3893.81,-2417.34
-3893.82,-2417.35
-3895.43,-2418.47
-3897.08,-2419.62
-3897.08,-2419.62
-3898.67,-2420.74
-3900.33,-2421.87
-3900.35,-2421.88
-3901.96,-2423.01
-3903.58,-2424.16
-3903.61,-2424.17
-3905.2,-2425.29
-3906.83,-2426.45
-3906.87,-2426.47
-3908.47,-2427.61
-3910.13,-2428.75
-3910.16,-2428.77
-3911.75,-2429.9
-3913.38,-2431.07
-3913.41,-2431.09
-3915,-2432.22
-3916.6,-2433.45
-3916.63,-2433.47
-3918.22,-2434.61
-3919.85,-2435.78
-3919.89,-2435.81
-3921.49,-2436.95
-3923.09,-2438.11
-3923.13,-2438.14
-3924.74,-2439.3
-3926.37,-2440.48
-3926.41,-2440.51
-3928,-2441.66
-3929.63,-2442.84
-3929.67,-2442.87
-3931.25,-2444.02
-3932.88,-2445.21
-3932.92,-2445.24
-3934.53,-2446.41
-3936.14,-2447.59
-3936.18,-2447.62
-3937.82,-2448.82
-3939.43,-2450
-3939.46,-2450.02
-3941.03,-2451.16
-3942.72,-2452.38
-3942.75,-2452.4
-3944.34,-2453.57
-3945.98,-2454.78
-3946,-2454.8
-3947.58,-2455.97
-3949.23,-2457.11
-3949.26,-2457.14
-3950.89,-2458.34
-3952.52,-2459.55
-3952.54,-2459.57
-3954.13,-2460.76
-3955.77,-2461.98
-3955.8,-2462
-3957.38,-2463.19
-3958.98,-2464.42
-3959.01,-2464.44
-3960.66,-2465.68
-3962.25,-2466.88
-3962.27,-2466.89
-3963.91,-2468.12
-3965.49,-2469.32
-3965.5,-2469.33
-3967.14,-2470.56
-3968.75,-2471.79
-3968.77,-2471.8
-3970.36,-2473.01
-3972,-2474.25
-3972.02,-2474.26
-3973.59,-2475.46
-3975.24,-2476.72
-3975.25,-2476.73
-3976.84,-2477.94
-3978.49,-2479.2
-3978.5,-2479.2
-3980.08,-2480.42
-3981.72,-2481.67
-3981.73,-2481.68
-3983.31,-2482.89
-3984.92,-2484.13
-3984.94,-2484.14
-3986.56,-2485.4
-3988.17,-2486.64
-3988.18,-2486.64
-3989.8,-2487.89
-3991.44,-2489.16
-3991.45,-2489.17
-3993.03,-2490.4
-3994.66,-2491.66
-3994.67,-2491.67
-3996.26,-2492.9
-3997.9,-2494.19
-3997.91,-2494.19
-3999.49,-2495.42
-4001.12,-2496.7
-4001.13,-2496.7
-4002.71,-2497.94
-4004.35,-2499.22
-4004.35,-2499.23
-4005.94,-2500.48
-4007.56,-2501.74
-4007.57,-2501.75
-4009.19,-2503.03
-4010.8,-2504.3
-4010.8,-2504.3
-4012.43,-2505.59
-4014.07,-2506.88
-4014.08,-2506.89
-4015.66,-2508.14
-4017.29,-2509.43
-4017.3,-2509.44
-4018.89,-2510.7
-4020.53,-2512.01
-4020.54,-2512.02
-4022.14,-2513.29
-4023.77,-2514.59
-4023.77,-2514.59
-4025.36,-2515.86
-4027,-2517.18
-4027.01,-2517.18
-4028.61,-2518.46
-4030.23,-2519.76
-4030.24,-2519.77
-4031.83,-2521.05
-4033.45,-2522.36
-4033.46,-2522.36
-4035.05,-2523.64
-4036.65,-2524.98
-4036.66,-2524.98
-4038.24,-2526.26
-4039.87,-2527.58
-4039.87,-2527.58
-4041.45,-2528.86
-4043.07,-2530.18
-4043.08,-2530.18
-4044.66,-2531.47
-4046.28,-2532.79
-4046.29,-2532.79
-4047.87,-2534.08
-4049.49,-2535.4
-4049.49,-2535.4
-4051.07,-2536.69
-4052.7,-2537.98
-4052.71,-2537.99
-4054.31,-2539.3
-4055.92,-2540.62
-4055.93,-2540.63
-4057.53,-2541.95
-4059.13,-2543.26
-4059.14,-2543.27
-4060.71,-2544.56
-4062.31,-2545.83
-4062.32,-2545.84
-4063.95,-2547.19
-4065.55,-2548.52
-4065.56,-2548.52
-4067.15,-2549.84
-4068.75,-2551.17
-4068.76,-2551.17
-4070.37,-2552.52
-4071.95,-2553.86
-4071.96,-2553.87
-4073.52,-2555.2
-4075.13,-2556.56
-4075.14,-2556.57
-4076.71,-2557.87
-4078.32,-2559.22
-4078.33,-2559.23
-4079.91,-2560.54
-4081.52,-2561.9
-4081.54,-2561.91
-4083.11,-2563.23
-4084.73,-2564.55
-4084.75,-2564.56
-4086.32,-2565.88
-4087.92,-2567.23
-4087.93,-2567.24
-4089.5,-2568.56
-4091.1,-2569.91
-4091.11,-2569.92
-4092.69,-2571.25
-4094.27,-2572.62
-4094.28,-2572.63
-4095.86,-2573.97
-4097.46,-2575.32
-4097.47,-2575.34
-4099.05,-2576.67
-4100.65,-2578.03
-4100.67,-2578.05
-4102.25,-2579.39
-4103.84,-2580.75
-4103.87,-2580.78
-4105.43,-2582.1
-4107.02,-2583.46
-4107.04,-2583.48
-4108.63,-2584.84
-4110.22,-2586.19
-4110.25,-2586.22
-4111.82,-2587.56
-4113.39,-2588.91
-4113.42,-2588.93
-4114.99,-2590.27
-4116.56,-2591.62
-4116.58,-2591.64
-4118.15,-2592.99
-4119.72,-2594.34
-4119.73,-2594.35
-4121.3,-2595.7
-4122.86,-2597.04
-4122.87,-2597.06
-4124.45,-2598.42
-4126,-2599.75
-4126.01,-2599.76
-4127.6,-2601.09
-4129.17,-2602.41
-4129.18,-2602.42
-4130.73,-2603.75
-4132.31,-2605.12
-4132.32,-2605.13
-4133.87,-2606.48
-4135.41,-2607.81
-4135.41,-2607.81
-4136.99,-2609.18
-4138.5,-2610.54
-4138.5,-2610.54
-4140.06,-2611.9
-4141.62,-2613.25
-4141.62,-2613.26
-4143.18,-2614.61
-4144.73,-2615.97
-4144.74,-2615.98
-4146.3,-2617.34
-4147.84,-2618.68
-4147.84,-2618.68
-4149.37,-2620.02
-4150.94,-2621.39
-4150.95,-2621.4
-4152.52,-2622.77
-4154.08,-2624.09
-4154.1,-2624.11
-4155.63,-2625.45
-4157.17,-2626.81
-4157.19,-2626.82
-4158.74,-2628.18
-4160.25,-2629.56
-4160.27,-2629.57
-4161.83,-2630.94
-4163.35,-2632.27
-4163.36,-2632.29
-4164.91,-2633.65
-4166.45,-2634.97
-4166.47,-2634.98
-4168.01,-2636.33
-4169.54,-2637.68
-4169.55,-2637.7
-4171.08,-2639.04
-4172.6,-2640.39
-4172.61,-2640.39
-4174.16,-2641.76
-4175.67,-2643.1
-4175.69,-2643.11
-4177.21,-2644.45
-4178.75,-2645.81
-4178.77,-2645.83
-4180.3,-2647.19
-4181.81,-2648.52
-4181.83,-2648.54
-4183.33,-2649.87
-4184.84,-2651.26
-4184.86,-2651.27
-4186.39,-2652.63
-4187.91,-2653.97
-4187.93,-2653.99
-4189.45,-2655.34
-4190.96,-2656.68
-4190.98,-2656.7
-4192.51,-2658.06
-4194.06,-2659.35
-4194.09,-2659.37
-4195.6,-2660.72
-4197.09,-2662.04
-4197.1,-2662.05
-4198.62,-2663.4
-4200.08,-2664.75
-4200.1,-2664.76
-4201.62,-2666.11
-4203.1,-2667.44
-4203.12,-2667.45
-4204.61,-2668.78
-4206.11,-2670.11
-4206.12,-2670.12
-4207.64,-2671.47
-4209.12,-2672.79
-4209.13,-2672.8
-4210.63,-2674.14
-4212.11,-2675.46
-4212.12,-2675.47
-4213.62,-2676.81
-4215.09,-2678.12
-4215.1,-2678.13
-4216.61,-2679.47
-4218.07,-2680.78
-4218.07,-2680.78
-4219.55,-2682.1
-4221.04,-2683.43
-4221.05,-2683.43
-4222.53,-2684.76
-4224.02,-2686.09
-4224.03,-2686.1
-4225.5,-2687.41
-4226.97,-2688.72
-4226.97,-2688.73
-4228.44,-2690.04
-4229.92,-2691.36
-4229.93,-2691.37
-4231.41,-2692.69
-4232.86,-2693.99
-4232.87,-2694
-4234.36,-2695.33
-4235.8,-2696.62
-4235.81,-2696.62
-4237.27,-2697.93
-4238.73,-2699.24
-4238.73,-2699.24
-4240.21,-2700.57
-4241.65,-2701.87
-4241.65,-2701.87
-4243.1,-2703.18
-4244.56,-2704.49
-4244.57,-2704.5
-4246.03,-2705.81
-4247.48,-2707.11
-4247.48,-2707.11
-4248.95,-2708.42
-4250.4,-2709.72
-4250.41,-2709.72
-4251.86,-2711.02
-4253.36,-2712.32
-4253.37,-2712.33
-4254.81,-2713.62
-4256.28,-2714.93
-4256.29,-2714.94
-4257.75,-2716.24
-4259.16,-2717.55
-4259.17,-2717.56
-4260.62,-2718.85
-4262.07,-2720.15
-4262.08,-2720.16
-4263.54,-2721.47
-4264.98,-2722.75
-4264.99,-2722.76
-4266.42,-2724.04
-4267.9,-2725.31
-4267.92,-2725.33
-4269.37,-2726.63
-4270.81,-2727.92
-4270.83,-2727.93
-4272.28,-2729.23
-4273.71,-2730.5
-4273.73,-2730.52
-4275.19,-2731.82
-4276.62,-2733.1
-4276.64,-2733.12
-4278.08,-2734.4
-4279.54,-2735.7
-4279.55,-2735.71
-4280.99,-2737
-4282.45,-2738.29
-4282.45,-2738.3
-4283.9,-2739.59
-4285.34,-2740.88
-4285.35,-2740.89
-4286.82,-2742.19
-4288.25,-2743.46
-4288.26,-2743.48
-4289.73,-2744.79
-4291.16,-2746.06
-4291.18,-2746.08
-4292.65,-2747.38
-4294.08,-2748.65
-4294.09,-2748.67
-4295.55,-2749.96
-4297.01,-2751.22
-4297.03,-2751.23
-4298.49,-2752.53
-4299.92,-2753.8
-4299.94,-2753.82
-4301.4,-2755.11
-4302.8,-2756.4
-4302.83,-2756.43
-4304.3,-2757.73
-4305.72,-2758.99
-4305.75,-2759.02
-4307.21,-2760.31
-4308.62,-2761.6
-4308.66,-2761.64
-4310.1,-2762.92
-4311.56,-2764.2
-4311.59,-2764.23
-4313.06,-2765.54
-4314.49,-2766.8
-4314.53,-2766.83
-4316.01,-2768.14
-4317.45,-2769.41
-4317.48,-2769.44
-4318.93,-2770.72
-4320.39,-2772.01
-4320.42,-2772.03
-4321.88,-2773.33
-4323.35,-2774.58
-4323.38,-2774.6
-4324.83,-2775.88
-4326.3,-2777.17
-4326.33,-2777.2
-4327.8,-2778.49
-4329.23,-2779.79
-4329.26,-2779.82
-4330.72,-2781.11
-4332.21,-2782.41
-4333.69,-2783.71
-4335.19,-2784.98
-4336.69,-2786.29
-4338.16,-2787.58
-4339.65,-2788.89
-4341.14,-2790.19
-4341.15,-2790.2
-4342.61,-2791.48
-4344.08,-2792.76
-4344.1,-2792.78
-4345.59,-2794.08
-4347.02,-2795.37
-4347.04,-2795.39
-4348.52,-2796.68
-4350,-2797.97
-4350.01,-2797.98
-4351.51,-2799.28
-4352.97,-2800.56
-4352.98,-2800.56
-4354.47,-2801.86
-4355.94,-2803.14
-4355.95,-2803.14
-4357.46,-2804.45
-4358.93,-2805.73
-4358.94,-2805.74
-4360.43,-2807.03
-4361.91,-2808.31
-4361.93,-2808.33
-4363.44,-2809.63
-4364.91,-2810.9
-4364.94,-2810.93
-4366.44,-2812.22
-4367.89,-2813.48
-4367.92,-2813.5
-4369.4,-2814.78
-4370.9,-2816.06
-4370.93,-2816.09
-4372.43,-2817.38
-4373.9,-2818.65
-4373.94,-2818.68
-4375.43,-2819.96
-4376.89,-2821.21
-4376.92,-2821.24
-4378.41,-2822.52
-4379.87,-2823.77
-4379.9,-2823.79
-4381.39,-2825.07
-4382.85,-2826.32
-4382.88,-2826.34
-4384.38,-2827.62
-4385.81,-2828.88
-4385.83,-2828.9
-4387.33,-2830.17
-4388.78,-2831.41
-4388.8,-2831.43
-4390.27,-2832.68
-4391.73,-2833.92
-4391.75,-2833.93
-4393.24,-2835.2
-4394.68,-2836.46
-4394.69,-2836.47
-4396.18,-2837.73
-4397.64,-2838.97
-4397.65,-2838.98
-4399.15,-2840.24
-4400.61,-2841.43
-4400.62,-2841.44
-4402.1,-2842.69
-4403.57,-2843.92
-4403.58,-2843.93
-4405.06,-2845.18
-4406.52,-2846.4
-4406.52,-2846.41
-4408.01,-2847.65
-4409.46,-2848.84
-4409.48,-2848.86
-4411,-2850.12
-4412.46,-2851.33
-4412.48,-2851.35
-4413.97,-2852.59
-4415.43,-2853.81
-4415.46,-2853.83
-4416.94,-2855.07
-4418.41,-2856.29
-4418.44,-2856.31
-4419.93,-2857.55
-4421.38,-2858.76
-4421.42,-2858.79
-4422.91,-2860.03
-4424.36,-2861.27
-4424.4,-2861.3
-4425.89,-2862.53
-4427.36,-2863.74
-4427.4,-2863.78
-4428.89,-2865
-4430.4,-2866.21
-4430.44,-2866.24
-4431.94,-2867.47
-4433.42,-2868.69
-4433.46,-2868.71
-4434.97,-2869.95
-4436.44,-2871.16
-4436.48,-2871.19
-4437.97,-2872.41
-4439.49,-2873.61
-4439.52,-2873.63
-4441.05,-2874.88
-4442.52,-2876.07
-4442.55,-2876.1
-4444.07,-2877.33
-4445.57,-2878.55
-4445.6,-2878.57
-4447.13,-2879.81
-4448.64,-2881.04
-4448.65,-2881.05
-4450.16,-2882.26
-4451.69,-2883.49
-4451.7,-2883.5
-4453.21,-2884.72
-4454.73,-2885.94
-4454.74,-2885.95
-4456.3,-2887.2
-4457.78,-2888.38
-4457.78,-2888.39
-4459.33,-2889.62
-4460.81,-2890.89
-4460.82,-2890.91
-4462.36,-2892.13
-4463.88,-2893.34
-4463.9,-2893.35
-4465.44,-2894.58
-4466.97,-2895.79
-4466.99,-2895.81
-4468.55,-2897
-4470.09,-2898.18
-4470.11,-2898.19
-4471.66,-2899.41
-4473.17,-2900.61
-4473.18,-2900.62
-4474.71,-2901.82
-4476.26,-2902.99
-4476.27,-2903
-4477.81,-2904.21
-4479.35,-2905.41
-4479.36,-2905.42
-4480.92,-2906.64
-4482.41,-2907.88
-4482.42,-2907.89
-4483.97,-2909.1
-4485.49,-2910.28
-4485.49,-2910.28
-4487.05,-2911.49
-4488.58,-2912.68
-4488.58,-2912.68
-4490.11,-2913.86
-4491.66,-2915.06
-4491.67,-2915.06
-4493.22,-2916.26
-4493.65,-2916.59
-4495.21,-2917.79
-4496.79,-2919.01
-4497.1,-2919.24
-4498.68,-2920.45
-4500.3,-2921.69
-4500.49,-2921.84
-4502.09,-2923.06
-4503.79,-2924.27
-4503.87,-2924.33
-4505.48,-2925.55
-4507.12,-2926.8
-4508.78,-2928.06
-4509.37,-2928.51
-4510.93,-2929.77
-4511.05,-2929.86
-4512.63,-2931.05
-4514.26,-2932.28
-4515.87,-2933.49
-4516.39,-2933.88
-4517.96,-2935.06
-4518.12,-2935.18
-4519.7,-2936.37
-4521.3,-2937.56
-4521.38,-2937.62
-4522.98,-2938.81
-4524.58,-2940.01
-4524.6,-2940.02
-4526.21,-2941.22
-4527.83,-2942.42
-4527.86,-2942.45
-4529.45,-2943.62
-4531.07,-2944.83
-4532.67,-2946.01
-4533.32,-2946.49
-4534.89,-2947.64
-4534.99,-2947.72
-4536.57,-2948.88
-4538.16,-2950.05
-4538.22,-2950.09
-4539.77,-2951.23
-4541.35,-2952.43
-4541.38,-2952.45
-4542.94,-2953.59
-4544.55,-2954.76
-4544.55,-2954.76
-4546.12,-2955.91
-4547.72,-2957.07
-4547.74,-2957.08
-4549.29,-2958.21
-4550.91,-2959.39
-4550.93,-2959.4
-4552.48,-2960.52
-4554.08,-2961.68
-4554.1,-2961.69
-4555.67,-2962.82
-4557.27,-2963.98
-4557.3,-2964
-4558.86,-2965.12
-4560.43,-2966.29
-4560.45,-2966.31
-4562.05,-2967.45
-4563.64,-2968.59
-4563.67,-2968.61
-4565.24,-2969.73
-4566.84,-2970.87
-4566.87,-2970.89
-4568.42,-2972
-4570.01,-2973.13
-4570.03,-2973.14
-4571.61,-2974.26
-4573.23,-2975.37
-4573.25,-2975.39
-4574.8,-2976.49
-4576.39,-2977.61
-4576.4,-2977.61
-4578.01,-2978.75
-4579.58,-2979.86
-4581.17,-2980.94
-4581.74,-2981.34
-4583.31,-2982.44
-4583.5,-2982.57
-4585.03,-2983.64
-4586.62,-2984.75
-4586.78,-2984.86
-4588.32,-2985.94
-4589.89,-2987.03
-4590.02,-2987.13
-4591.61,-2988.23
-4593.19,-2989.33
-4593.3,-2989.41
-4594.87,-2990.49
-4596.47,-2991.6
-4596.55,-2991.66
-4598.12,-2992.75
-4599.75,-2993.87
-4599.81,-2993.91
-4601.38,-2995
-4603.01,-2996.12
-4603.06,-2996.15
-4604.63,-2997.23
-4606.23,-2998.33
-4606.27,-2998.36
-4607.9,-2999.47
-4609.52,-3000.58
-4609.55,-3000.6
-4611.14,-3001.69
-4612.75,-3002.79
-4612.77,-3002.8
-4614.4,-3003.91
-4616.02,-3005.01
-4616.03,-3005.02
-4617.64,-3006.09
-4619.3,-3007.2
-4619.31,-3007.2
-4620.9,-3008.28
-4622.53,-3009.38
-4622.53,-3009.38
-4624.15,-3010.47
-4625.77,-3011.6
-4625.78,-3011.61
-4627.41,-3012.71
-4629.04,-3013.8
-4629.04,-3013.81
-4630.68,-3014.9
-4632.32,-3016
-4632.34,-3016.01
-4633.94,-3017.08
-4635.6,-3018.2
-4635.61,-3018.2
-4637.22,-3019.27
-4638.86,-3020.36
-4638.86,-3020.37
-4640.52,-3021.46
-4642.15,-3022.55
-4642.15,-3022.55
-4643.78,-3023.63
-4645.44,-3024.69
-4645.45,-3024.69
-4647.12,-3025.8
-4648.76,-3026.88
-4648.77,-3026.89
-4650.39,-3027.95
-4652.06,-3029.05
-4652.07,-3029.06
-4653.73,-3030.15
-4655.38,-3031.24
-4655.39,-3031.25
-4657,-3032.32
-4658.67,-3033.41
-4658.67,-3033.41
-4660.29,-3034.48
-4661.97,-3035.58
-4661.97,-3035.58
-4663.6,-3036.64
-4665.27,-3037.73
-4665.28,-3037.73
-4666.91,-3038.79
-4668.58,-3039.87
-4668.59,-3039.88
-4670.22,-3040.94
-4671.88,-3042.01
-4671.89,-3042.02
-4673.57,-3043.1
-4675.23,-3044.17
-4675.24,-3044.18
-4676.89,-3045.24
-4678.56,-3046.35
-4678.57,-3046.36
-4680.2,-3047.41
-4681.87,-3048.48
-4681.88,-3048.48
-4683.56,-3049.56
-4685.24,-3050.64
-4685.25,-3050.64
-4686.9,-3051.69
-4688.59,-3052.77
-4688.59,-3052.77
-4690.26,-3053.82
-4691.95,-3054.89
-4691.96,-3054.9
-4693.61,-3055.94
-4695.29,-3057
-4695.31,-3057
-4696.98,-3058.06
-4698.67,-3059.12
-4698.67,-3059.13
-4700.37,-3060.2
-4702.04,-3061.25
-4702.05,-3061.26
-4703.73,-3062.31
-4705.43,-3063.38
-4705.44,-3063.39
-4707.11,-3064.44
-4708.81,-3065.51
-4708.82,-3065.51
-4710.53,-3066.58
-4712.22,-3067.64
-4712.24,-3067.65
-4713.91,-3068.69
-4715.61,-3069.75
-4715.62,-3069.76
-4717.34,-3070.83
-4719.05,-3071.89
-4719.05,-3071.89
-4720.73,-3072.93
-4722.43,-3074.02
-4722.44,-3074.03
-4724.12,-3075.07
-4725.86,-3076.15
-4725.86,-3076.15
-4727.55,-3077.19
-4729.29,-3078.26
-4729.29,-3078.26
-4731,-3079.27
-4732.75,-3080.31
-4732.75,-3080.31
-4734.44,-3081.35
-4736.19,-3082.42
-4736.2,-3082.42
-4737.89,-3083.46
-4739.63,-3084.53
-4739.64,-3084.53
-4741.34,-3085.57
-4743.08,-3086.63
-4743.08,-3086.63
-4744.77,-3087.66
-4746.53,-3088.72
-4746.54,-3088.73
-4748.23,-3089.75
-4749.96,-3090.8
-4749.97,-3090.81
-4751.69,-3091.85
-4753.44,-3092.94
-4753.44,-3092.95
-4755.14,-3093.97
-4756.9,-3095.03
-4756.91,-3095.04
-4758.61,-3096.06
-4760.37,-3097.12
-4760.38,-3097.12
-4762.09,-3098.15
-4763.82,-3099.19
-4763.84,-3099.19
-4765.58,-3100.24
-4767.32,-3101.28
-4767.33,-3101.28
-4769.06,-3102.31
-4770.82,-3103.36
-4770.84,-3103.37
-4772.56,-3104.38
-4774.34,-3105.43
-4774.35,-3105.44
-4776.07,-3106.45
-4777.82,-3107.48
-4777.85,-3107.5
-4779.63,-3108.54
-4781.39,-3109.58
-4781.4,-3109.59
-4783.14,-3110.62
-4784.91,-3111.66
-4784.93,-3111.67
-4786.66,-3112.68
-4788.43,-3113.72
-4788.47,-3113.74
-4790.21,-3114.77
-4792,-3115.81
-4792.03,-3115.83
-4793.78,-3116.85
-4795.57,-3117.9
-4795.59,-3117.91
-4797.36,-3118.94
-4799.11,-3119.99
-4799.13,-3120
-4800.92,-3121.05
-4802.69,-3122.07
-4802.71,-3122.08
-4804.49,-3123.12
-4806.27,-3124.14
-4806.29,-3124.15
-4808.08,-3125.19
-4809.88,-3126.22
-4809.89,-3126.23
-4811.66,-3127.25
-4813.46,-3128.28
-4813.47,-3128.29
-4815.29,-3129.33
-4817.09,-3130.36
-4817.09,-3130.37
-4818.87,-3131.38
-4820.69,-3132.42
-4820.69,-3132.43
-4822.5,-3133.46
-4824.29,-3134.48
-4824.3,-3134.48
-4826.11,-3135.51
-4827.9,-3136.53
-4827.91,-3136.54
-4829.74,-3137.57
-4831.53,-3138.59
-4831.55,-3138.59
-4833.36,-3139.62
-4835.15,-3140.62
-4835.17,-3140.64
-4836.98,-3141.66
-4838.79,-3142.68
-4838.8,-3142.68
-4840.62,-3143.71
-4842.45,-3144.73
-4842.45,-3144.73
-4844.28,-3145.75
-4846.09,-3146.77
-4846.1,-3146.78
-4847.91,-3147.79
-4849.74,-3148.8
-4849.75,-3148.81
-4851.6,-3149.84
-4853.42,-3150.85
-4853.44,-3150.86
-4855.26,-3151.87
-4857.1,-3152.89
-4857.11,-3152.9
-4858.93,-3153.9
-4860.77,-3154.9
-4860.79,-3154.91
-4862.67,-3155.93
-4864.49,-3156.91
-4864.52,-3156.93
-4866.39,-3157.94
-4868.24,-3158.95
-4868.24,-3158.95
-4870.08,-3159.96
-4871.94,-3160.97
-4871.94,-3160.97
-4873.81,-3161.99
-4875.61,-3163.05
-4875.61,-3163.05
-4877.48,-3164.07
-4879.32,-3165.07
-4879.33,-3165.08
-4881.2,-3166.09
-4883.06,-3167.1
-4883.06,-3167.1
-4884.93,-3168.11
-4886.82,-3169.06
-4886.83,-3169.06
-4888.71,-3170.07
-4890.58,-3171.08
-4890.58,-3171.08
-4892.45,-3172.09
-4894.27,-3173.14
-4894.28,-3173.14
-4896.17,-3174.15
-4898.02,-3175.14
-4898.03,-3175.15
-4899.91,-3176.15
-4901.78,-3177.15
-4901.79,-3177.15
-4903.68,-3178.16
-4905.56,-3179.16
-4905.56,-3179.16
-4907.46,-3180.17
-4909.31,-3181.15
-4909.32,-3181.15
-4911.22,-3182.16
-4913.09,-3183.14
-4913.09,-3183.14
-4914.99,-3184.14
-4916.86,-3185.13
-4916.86,-3185.13
-4918.76,-3186.13
-4920.64,-3187.12
-4920.65,-3187.12
-4922.53,-3188.11
-4924.42,-3189.1
-4924.43,-3189.1
-4926.33,-3190.09
-4928.22,-3191.08
-4928.23,-3191.08
-4930.1,-3192.06
-4931.99,-3193.04
-4932,-3193.05
-4933.92,-3194.05
-4935.82,-3195.03
-4935.82,-3195.03
-4937.75,-3196.03
-4939.63,-3197
-4939.64,-3197.01
-4941.56,-3198
-4943.47,-3198.99
-4943.47,-3198.99
-4945.39,-3199.98
-4947.31,-3200.97
-4947.32,-3200.97
-4949.26,-3201.93
-4951.17,-3202.87
-4951.17,-3202.88
-4953.11,-3203.87
-4955,-3204.84
-4955.02,-3204.85
-4956.98,-3205.85
-4958.85,-3206.84
-4958.86,-3206.85
-4960.81,-3207.84
-4962.72,-3208.82
-4962.72,-3208.82
-4964.66,-3209.8
-4966.57,-3210.78
-4966.57,-3210.78
-4968.51,-3211.76
-4970.42,-3212.73
-4970.43,-3212.74
-4972.38,-3213.72
-4974.29,-3214.65
-4974.29,-3214.66
-4976.23,-3215.63
-4978.15,-3216.61
-4978.15,-3216.61
-4980.11,-3217.59
-4982.04,-3218.56
-4982.05,-3218.57
-4983.99,-3219.55
-4985.93,-3220.52
-4985.94,-3220.53
-4987.88,-3221.54
-4989.79,-3222.54
-4989.81,-3222.55
-4991.76,-3223.53
-4993.68,-3224.49
-4993.7,-3224.5
-4995.66,-3225.48
-4997.57,-3226.43
-4997.58,-3226.44
-4999.55,-3227.42
-5001.47,-3228.38
-5001.48,-3228.39
-5003.45,-3229.37
-5005.38,-3230.33
-5005.4,-3230.34
-5007.34,-3231.31
-5009.29,-3232.28
-5009.3,-3232.28
-5011.28,-3233.27
-5013.22,-3234.23
-5013.23,-3234.24
-5015.21,-3235.22
-5017.13,-3236.17
-5017.14,-3236.18
-5019.12,-3237.16
-5021.06,-3238.11
-5021.06,-3238.12
-5023.02,-3239.08
-5025,-3240.07
-5025.01,-3240.07
-5026.97,-3241.04
-5028.91,-3241.99
-5028.91,-3242
-5030.9,-3242.98
-5032.83,-3243.93
-5032.84,-3243.93
-5034.82,-3244.91
-5036.76,-3245.86
-5036.76,-3245.86
-5038.72,-3246.81
-5040.7,-3247.78
-5040.71,-3247.78
-5042.69,-3248.75
-5044.65,-3249.7
-5044.66,-3249.7
-5046.65,-3250.67
-5048.61,-3251.62
-5048.61,-3251.62
-5050.61,-3252.6
-5052.56,-3253.55
-5052.57,-3253.56
-5054.56,-3254.53
-5056.52,-3255.49
-5056.54,-3255.5
-5058.51,-3256.47
-5060.45,-3257.49
-5060.48,-3257.5
-5062.47,-3258.48
-5064.42,-3259.43
-5064.47,-3259.45
-5066.46,-3260.43
-5068.42,-3261.38
-5068.48,-3261.41
-5070.46,-3262.38
-5072.42,-3263.34
-5072.49,-3263.38
-5074.46,-3264.34
-5076.42,-3265.29
-5076.5,-3265.33
-5078.49,-3266.3
-5080.41,-3267.24
-5080.5,-3267.28
-5082.46,-3268.23
-5084.41,-3269.19
-5084.51,-3269.23
-5086.49,-3270.2
-5088.41,-3271.14
-5088.52,-3271.19
-5090.46,-3272.14
-5092.41,-3273.09
-5092.53,-3273.14
-5094.47,-3274.09
-5096.38,-3275.02
-5096.5,-3275.08
-5098.44,-3276.02
-5100.35,-3276.95
-5100.47,-3277.01
-5102.36,-3277.93
-5104.28,-3278.86
-5104.39,-3278.92
-5106.3,-3279.85
-5108.18,-3280.77
-5108.29,-3280.82
-5110.18,-3281.73
-5112.06,-3282.65
-5112.17,-3282.7
-5114.04,-3283.6
-5115.92,-3284.5
-5116.02,-3284.54
-5117.92,-3285.44
-5119.77,-3286.33
-5119.87,-3286.38
-5121.73,-3287.28
-5123.55,-3288.17
-5123.63,-3288.21
-5125.5,-3289.12
-5127.28,-3290.06
-5127.36,-3290.1
-5129.21,-3291
-5131.02,-3291.89
-5131.1,-3291.92
-5132.93,-3292.82
-5134.74,-3293.7
-5134.81,-3293.73
-5136.65,-3294.63
-5138.49,-3295.45
-5138.56,-3295.49
-5140.37,-3296.37
-5142.15,-3297.24
-5142.22,-3297.27
-5144,-3298.14
-5145.8,-3299.02
-5145.87,-3299.05
-5147.67,-3299.93
-5149.44,-3300.8
-5149.5,-3300.82
-5151.29,-3301.7
-5153,-3302.57
-5153.05,-3302.6
-5154.8,-3303.45
-5156.52,-3304.3
-5158.27,-3305.19
-5159.95,-3306.01
-5161.7,-3306.87
-5163.39,-3307.7
-5165.12,-3308.54
-5166.83,-3309.31
-5168.97,-3310.36
-5170.71,-3311.21
-5172.47,-3312.07
-5174,-3312.83
-5175.71,-3313.67
-5177.29,-3314.45
-5179,-3315.29
-5180.57,-3316.07
-5182.26,-3316.93
-5183.85,-3317.74
-5185.53,-3318.58
-5187.13,-3319.37
-5188.82,-3320.2
-5190.41,-3320.99
-5192.07,-3321.81
-5193.7,-3322.57
-5195.34,-3323.38
-5196.94,-3324.18
-5198.99,-3325.23
-5200.65,-3326.05
-5202.63,-3327.04
-5204.28,-3327.86
-5206.2,-3328.77
-5207.84,-3329.59
-5209.66,-3330.49
-5211.32,-3331.32
-5213.01,-3332.24
-5214.67,-3333.07
-5216.31,-3333.88
-5218.02,-3334.73
-5219.69,-3335.57
-5219.76,-3335.6
-5221.39,-3336.42
-5223.08,-3337.27
-5223.15,-3337.31
-5224.78,-3338.12
-5226.42,-3338.94
-5228.08,-3339.82
-5228.75,-3340.15
-5230.35,-3340.95
-5231.96,-3341.76
-5232.37,-3341.97
-5234.18,-3342.88
-5235.73,-3343.66
-5237.31,-3344.46
-5237.52,-3344.57
-5239.08,-3345.35
-5240.68,-3346.16
-5240.85,-3346.25
-5242.41,-3347
-5244.03,-3347.78
-5244.17,-3347.85
-5245.74,-3348.65
-5247.35,-3349.47
-5248.92,-3350.27
-5249.34,-3350.52
-5251.17,-3351.45
-5252.71,-3352.23
-5254.29,-3353.04
-5254.52,-3353.15
-5256.07,-3353.94
-5257.84,-3354.85
-5259.4,-3355.65
-5260.98,-3356.45
-5262.21,-3357.05
-5264.02,-3357.97
-5265.6,-3358.78
-5267.4,-3359.71
-5268.96,-3360.51
-5270.74,-3361.43
-5272.32,-3362.24
-5274.07,-3363.15
-5275.63,-3363.95
-5277.37,-3364.85
-5278.93,-3365.66
-5280.65,-3366.56
-5282.21,-3367.37
-5283.89,-3368.24
-5285.46,-3369.06
-5287.14,-3369.93
-5288.73,-3370.76
-5290.38,-3371.63
-5291.97,-3372.45
-5293.59,-3373.31
-5295.23,-3374.16
-5296.83,-3375.01
-5298.4,-3375.83
-5300.02,-3376.68
-5301.62,-3377.53
-5303.24,-3378.38
-5304.83,-3379.23
-5306.44,-3380.08
-5308.04,-3380.93
-5309.65,-3381.78
-5311.26,-3382.64
-5312.85,-3383.48
-5314.43,-3384.32
-5316.02,-3385.17
-5317.6,-3386.02
-5319.21,-3386.88
-5320.78,-3387.72
-5322.37,-3388.57
-5323.95,-3389.42
-5325.54,-3390.28
-5326.55,-3390.86
-5328.26,-3391.78
-5329.83,-3392.63
-5331.51,-3393.54
-5333.07,-3394.39
-5334.75,-3395.3
-5336.3,-3396.14
-5337.94,-3397.03
-5339.48,-3397.88
-5341.16,-3398.76
-5342.76,-3399.63
-5344.37,-3400.51
-5345.91,-3401.36
-5347.52,-3402.24
-5349.08,-3403.1
-5350.68,-3403.99
-5352.22,-3404.84
-5353.82,-3405.72
-5355.36,-3406.57
-5356.93,-3407.44
-5358.51,-3408.32
-5360.06,-3409.19
-5361.6,-3410.04
-5363.14,-3410.94
-5364.67,-3411.8
-5366.25,-3412.68
-5367.8,-3413.56
-5369.35,-3414.43
-5370.92,-3415.31
-5372.47,-3416.18
-5373.99,-3417.04
-5375.56,-3417.93
-5377.08,-3418.8
-5378.66,-3419.69
-5380.17,-3420.55
-5381.73,-3421.44
-5383.28,-3422.32
-5384.85,-3423.19
-5386.41,-3424.08
-5387.95,-3424.96
-5389.48,-3425.84
-5391.07,-3426.76
-5392.58,-3427.63
-5394.17,-3428.55
-5395.68,-3429.43
-5397.26,-3430.34
-5398.81,-3431.24
-5400.37,-3432.13
-5401.94,-3433.03
-5403.5,-3433.94
-5405.06,-3434.85
-5406.61,-3435.76
-5408.15,-3436.67
-5409.71,-3437.58
-5411.27,-3438.51
-5412.83,-3439.42
-5414.34,-3440.32
-5415.91,-3441.26
-5417.43,-3442.15
-5418.98,-3443.08
-5420.52,-3444
-5422.06,-3444.92
-5423.57,-3445.82
-5425.1,-3446.74
-5426.66,-3447.68
-5428.17,-3448.59
-5429.68,-3449.5
-5431.21,-3450.42
-5432.71,-3451.33
-5434.23,-3452.25
-5435.74,-3453.17
-5437.29,-3454.11
-5437.31,-3454.12
-5438.82,-3455.04
-5440.35,-3455.97
-5440.36,-3455.98
-5441.88,-3456.91
-5443.4,-3457.84
-5443.42,-3457.85
-5444.93,-3458.78
-5446.43,-3459.74
-5446.45,-3459.75
-5447.98,-3460.69
-5449.5,-3461.63
-5449.51,-3461.64
-5451,-3462.56
-5452.52,-3463.5
-5452.53,-3463.51
-5454.04,-3464.44
-5455.55,-3465.37
-5455.55,-3465.38
-5457.06,-3466.31
-5458.58,-3467.26
-5458.59,-3467.27
-5460.09,-3468.2
-5461.6,-3469.15
-5461.62,-3469.16
-5463.11,-3470.09
-5464.61,-3471.03
-5464.63,-3471.04
-5466.14,-3471.99
-5467.63,-3472.92
-5467.65,-3472.94
-5469.16,-3473.89
-5470.64,-3474.82
-5470.67,-3474.84
-5472.15,-3475.77
-5473.65,-3476.73
-5473.68,-3476.74
-5475.17,-3477.68
-5476.65,-3478.62
-5476.68,-3478.64
-5478.15,-3479.57
-5479.62,-3480.51
-5479.65,-3480.53
-5481.13,-3481.47
-5482.61,-3482.42
-5482.63,-3482.43
-5484.1,-3483.37
-5485.58,-3484.31
-5485.6,-3484.32
-5487.08,-3485.27
-5488.55,-3486.22
-5488.57,-3486.23
-5490.01,-3487.16
-5491.47,-3488.1
-5491.48,-3488.1
-5492.95,-3489.05
-5494.41,-3489.99
-5494.42,-3490
-5495.87,-3490.94
-5497.34,-3491.9
-5497.35,-3491.92
-5498.82,-3492.88
-5500.26,-3493.82
-5500.29,-3493.83
-5501.75,-3494.79
-5503.19,-3495.72
-5503.23,-3495.75
-5504.72,-3496.72
-5506.17,-3497.66
-5506.2,-3497.69
-5507.67,-3498.65
-5509.18,-3499.59
-5510.63,-3500.54
-5512.15,-3501.53
-5513.61,-3502.5
-5515.11,-3503.48
-5516.58,-3504.45
-5518.1,-3505.45
-5519.56,-3506.41
-5521.09,-3507.39
-5522.57,-3508.37
-5524.06,-3509.35
-5525.54,-3510.34
-5527.01,-3511.35
-5528.5,-3512.34
-5529.97,-3513.32
-5531.47,-3514.32
-5532.94,-3515.31
-5534.43,-3516.3
-5535.89,-3517.28
-5537.37,-3518.26
-5538.84,-3519.25
-5540.33,-3520.25
-5541.78,-3521.23
-5543.26,-3522.23
-5544.73,-3523.21
-5546.2,-3524.21
-5547.67,-3525.2
-5549.14,-3526.19
-5550.62,-3527.19
-5552.11,-3528.21
-5553.56,-3529.19
-5555.05,-3530.2
-5556.49,-3531.18
-5557.97,-3532.19
-5559.42,-3533.18
-5560.91,-3534.19
-5562.34,-3535.17
-5563.8,-3536.17
-5565.27,-3537.13
-5566.73,-3538.13
-5568.15,-3539.11
-5569.62,-3540.12
-5571.06,-3541.07
-5572.53,-3542.08
-5573.91,-3543.03
-5575.4,-3544.06
-5576.77,-3545.04
-5578.23,-3546.06
-5579.62,-3547.02
-5581.08,-3548.02
-5582.46,-3548.98
-5583.91,-3549.99
-5585.28,-3550.94
-5586.72,-3551.94
-5588.09,-3552.89
-5589.52,-3553.89
-5590.88,-3554.84
-5592.32,-3555.84
-5593.67,-3556.79
-5595.09,-3557.79
-5596.43,-3558.74
-5597.85,-3559.75
-5599.2,-3560.7
-5600.61,-3561.69
-5601.96,-3562.64
-5603.38,-3563.63
-5604.73,-3564.58
-5606.13,-3565.57
-5607.48,-3566.52
-5608.89,-3567.51
-5610.24,-3568.46
-5611.61,-3569.43
-5612.98,-3570.4
-5614.38,-3571.39
-5615.72,-3572.35
-5617.11,-3573.33
-5618.47,-3574.29
-5619.86,-3575.28
-5621.22,-3576.25
-5622.61,-3577.23
-5623.97,-3578.2
-5625.33,-3579.17
-5626.7,-3580.11
-5628.09,-3581.1
-5629.44,-3582.06
-5630.81,-3583.04
-5632.18,-3584.02
-5633.55,-3585
-5634.91,-3585.97
-5636.28,-3586.95
-5637.64,-3587.93
-5639.01,-3588.91
-5640.36,-3589.88
-5641.74,-3590.87
-5643.09,-3591.84
-5644.45,-3592.82
-5645.82,-3593.81
-5647.18,-3594.79
-5648.55,-3595.77
-5649.9,-3596.75
-5651.27,-3597.74
-5652.63,-3598.72
-5653.99,-3599.7
-5655.33,-3600.68
-5656.7,-3601.67
-5658.06,-3602.66
-5659.43,-3603.65
-5660.78,-3604.64
-5662.13,-3605.63
-5663.48,-3606.63
-5664.83,-3607.62
-5666.2,-3608.61
-5667.55,-3609.59
-5668.92,-3610.59
-5670.25,-3611.6
-5671.61,-3612.59
-5672.97,-3613.59
-5674.34,-3614.58
-5675.67,-3615.56
-5675.71,-3615.59
-5677.06,-3616.58
-5678.43,-3617.57
-5679.8,-3618.58
-5681.2,-3619.52
-5682.58,-3620.53
-5683.94,-3621.53
-5685.31,-3622.54
-5686.69,-3623.55
-5688.07,-3624.56
-5689.4,-3625.54
-5689.43,-3625.56
-5690.8,-3626.57
-5692.17,-3627.58
-5693.55,-3628.59
-5694.89,-3629.58
-5694.91,-3629.6
-5696.27,-3630.6
-5697.63,-3631.6
-5697.66,-3631.62
-5699.01,-3632.62
-5700.38,-3633.63
-5700.4,-3633.64
-5701.78,-3634.67
-5703.13,-3635.66
-5703.15,-3635.68
-5704.52,-3636.69
-5705.87,-3637.69
-5705.89,-3637.7
-5707.27,-3638.73
-5708.63,-3639.73
-5708.65,-3639.75
-5710.03,-3640.77
-5711.39,-3641.78
-5711.41,-3641.79
-5712.78,-3642.8
-5714.16,-3643.83
-5714.19,-3643.85
-5715.59,-3644.89
-5716.94,-3645.9
-5716.96,-3645.91
-5718.35,-3646.94
-5719.72,-3647.96
-5719.73,-3647.97
-5721.1,-3648.98
-5722.48,-3650.01
-5722.5,-3650.03
-5723.89,-3651.06
-5725.26,-3652.08
-5725.27,-3652.09
-5726.67,-3653.13
-5728.03,-3654.14
-5728.04,-3654.15
-5729.43,-3655.19
-5730.8,-3656.21
-5730.82,-3656.22
-5732.19,-3657.25
-5733.57,-3658.28
-5733.58,-3658.29
-5734.99,-3659.34
-5736.36,-3660.36
-5736.38,-3660.37
-5737.79,-3661.43
-5739.16,-3662.45
-5739.17,-3662.46
-5740.58,-3663.51
-5741.93,-3664.57
-5741.94,-3664.57
-5743.35,-3665.63
-5744.72,-3666.66
-5744.74,-3666.67
-5746.13,-3667.71
-5747.52,-3668.76
-5747.55,-3668.78
-5748.95,-3669.83
-5750.38,-3670.82
-5750.42,-3670.85
-5751.82,-3671.89
-5753.2,-3672.93
-5753.25,-3672.97
-5754.65,-3674.02
-5755.96,-3675.09
-5756.01,-3675.12
-5757.4,-3676.17
-5758.76,-3677.19
-5758.8,-3677.22
-5760.18,-3678.26
-5761.54,-3679.28
-5761.58,-3679.31
-5762.95,-3680.34
-5764.35,-3681.31
-5764.37,-3681.33
-5765.76,-3682.37
-5767.1,-3683.38
-5767.12,-3683.4
-5768.5,-3684.43
-5769.83,-3685.47
-5769.85,-3685.49
-5771.24,-3686.54
-5772.59,-3687.56
-5772.62,-3687.58
-5773.98,-3688.6
-5775.34,-3689.63
-5775.37,-3689.65
-5776.74,-3690.68
-5778.09,-3691.7
-5778.11,-3691.72
-5779.49,-3692.76
-5780.83,-3693.77
-5780.86,-3693.79
-5782.22,-3694.83
-5783.55,-3695.85
-5783.57,-3695.86
-5784.93,-3696.9
-5786.26,-3697.91
-5786.27,-3697.92
-5787.63,-3698.95
-5788.97,-3699.96
-5788.98,-3699.96
-5790.73,-3701.24
-5792.08,-3702.27
-5793.47,-3703.32
-5793.74,-3703.52
-5795.11,-3704.56
-5796.51,-3705.61
-5797.91,-3706.67
-5798.19,-3706.89
-5799.84,-3708.09
-5801.2,-3709.12
-5802.6,-3710.18
-5803.98,-3711.23
-5804.3,-3711.47
-5805.64,-3712.53
-5805.85,-3712.68
-5807.24,-3713.74
-5808.64,-3714.8
-5808.76,-3714.89
-5810.14,-3715.94
-5811.53,-3716.99
-5811.59,-3717.03
-5812.99,-3718.09
-5814.42,-3719.18
-5814.43,-3719.18
-5815.79,-3720.22
-5817.21,-3721.29
-5818.6,-3722.35
-5819.14,-3722.76
-5820.5,-3723.79
-5820.62,-3723.87
-5822,-3724.92
-5823.39,-3725.97
-5823.44,-3726.01
-5824.8,-3727.04
-5826.21,-3728.07
-5826.23,-3728.09
-5827.59,-3729.11
-5828.98,-3730.17
-5828.98,-3730.17
-5830.35,-3731.21
-5831.72,-3732.29
-5831.73,-3732.3
-5833.09,-3733.33
-5834.49,-3734.39
-5834.52,-3734.41
-5835.87,-3735.44
-5837.25,-3736.48
-5837.29,-3736.51
-5838.64,-3737.54
-5840.02,-3738.59
-5840.07,-3738.62
-5841.41,-3739.64
-5842.78,-3740.68
-5842.82,-3740.71
-5844.18,-3741.74
-5845.53,-3742.77
-5846.9,-3743.8
-5847.43,-3744.21
-5848.77,-3745.18
-5848.9,-3745.28
-5850.23,-3746.29
-5851.57,-3747.3
-5851.67,-3747.38
-5852.99,-3748.38
-5854.34,-3749.4
-5854.41,-3749.45
-5855.73,-3750.45
-5857.08,-3751.48
-5857.13,-3751.52
-5858.45,-3752.52
-5859.81,-3753.55
-5859.85,-3753.58
-5861.17,-3754.58
-5862.53,-3755.62
-5862.57,-3755.64
-5863.88,-3756.64
-5865.18,-3757.71
-5865.22,-3757.74
-5866.58,-3758.77
-5867.91,-3759.78
-5867.93,-3759.79
-5869.29,-3760.82
-5870.64,-3761.85
-5870.66,-3761.86
-5871.98,-3762.86
-5873.35,-3763.9
-5873.37,-3763.92
-5874.69,-3764.92
-5876.06,-3765.96
-5876.09,-3765.98
-5877.42,-3766.99
-5878.77,-3768.01
-5878.8,-3768.03
-5880.18,-3769.08
-5881.52,-3770.1
-5881.55,-3770.11
-5882.87,-3771.12
-5884.24,-3772.16
-5884.27,-3772.17
-5885.6,-3773.18
-5886.98,-3774.23
-5887,-3774.25
-5888.33,-3775.25
-5889.68,-3776.28
-5889.7,-3776.29
-5891.08,-3777.33
-5892.44,-3778.35
-5892.45,-3778.36
-5893.81,-3779.37
-5895.18,-3780.4
-5895.18,-3780.4
-5896.56,-3781.45
-5897.92,-3782.48
-5897.93,-3782.48
-5899.27,-3783.5
-5900.64,-3784.58
-5900.65,-3784.59
-5901.99,-3785.6
-5903.38,-3786.65
-5903.4,-3786.66
-5904.72,-3787.67
-5906.09,-3788.71
-5906.1,-3788.71
-5907.48,-3789.76
-5908.84,-3790.78
-5908.85,-3790.8
-5910.19,-3791.81
-5911.57,-3792.85
-5911.59,-3792.87
-5912.94,-3793.88
-5914.32,-3794.93
-5914.33,-3794.94
-5915.67,-3795.95
-5917.04,-3796.99
-5917.06,-3797
-5918.39,-3798.01
-5919.77,-3799.05
-5919.78,-3799.06
-5921.12,-3800.07
-5922.48,-3801.1
-5922.49,-3801.11
-5923.85,-3802.12
-5925.22,-3803.13
-5925.23,-3803.14
-5926.6,-3804.18
-5927.95,-3805.2
-5929.3,-3806.21
-5929.8,-3806.6
-5931.12,-3807.59
-5931.27,-3807.71
-5932.61,-3808.72
-5933.95,-3809.72
-5934.05,-3809.8
-5935.36,-3810.79
-5936.73,-3811.79
-5936.82,-3811.85
-5938.14,-3812.85
-5939.48,-3813.86
-5939.54,-3813.9
-5940.9,-3814.94
-5942.21,-3816
-5942.25,-3816.03
-5943.56,-3817.03
-5944.94,-3818.06
-5944.96,-3818.08
-5946.28,-3819.07
-5947.65,-3820.11
-5947.66,-3820.12
-5949,-3821.12
-5950.37,-3822.16
-5950.37,-3822.16
-5951.71,-3823.17
-5953.07,-3824.19
-5953.08,-3824.2
-5954.43,-3825.22
-5955.78,-3826.23
-5955.78,-3826.24
-5957.14,-3827.26
-5958.52,-3828.3
-5958.53,-3828.3
-5959.86,-3829.31
-5961.22,-3830.33
-5961.23,-3830.34
-5962.6,-3831.37
-5963.96,-3832.39
-5963.97,-3832.4
-5965.32,-3833.42
-5966.7,-3834.46
-5966.71,-3834.47
-5968.05,-3835.47
-5969.43,-3836.51
-5969.45,-3836.52
-5970.8,-3837.54
-5972.18,-3838.58
-5972.19,-3838.59
-5973.53,-3839.59
-5974.9,-3840.62
-5974.92,-3840.63
-5976.28,-3841.66
-5977.68,-3842.71
-5977.7,-3842.72
-5979.05,-3843.74
-5980.44,-3844.78
-5980.47,-3844.8
-5981.82,-3845.82
-5983.22,-3846.86
-5983.25,-3846.89
-5984.61,-3847.91
-5985.99,-3848.95
-5986.03,-3848.98
-5987.4,-3850.01
-5988.8,-3851.06
-5988.85,-3851.09
-5990.21,-3852.11
-5991.62,-3853.17
-5991.67,-3853.21
-5993.04,-3854.23
-5994.45,-3855.29
-5994.51,-3855.34
-5995.89,-3856.37
-5997.31,-3857.43
-5997.37,-3857.48
-5998.76,-3858.51
-6000.12,-3859.62
-6000.19,-3859.67
-6001.62,-3860.74
-6003.05,-3861.81
-6003.1,-3861.85
-6004.5,-3862.89
-6005.95,-3863.98
-6006,-3864.01
-6007.45,-3865.02
-6008.94,-3866.05
-6008.98,-3866.08
-6010.4,-3867.14
-6011.83,-3868.2
-6011.87,-3868.24
-6013.35,-3869.34
-6014.79,-3870.42
-6014.83,-3870.45
-6016.27,-3871.52
-6017.74,-3872.62
-6017.77,-3872.64
-6019.17,-3873.77
-6020.59,-3874.91
-6020.62,-3874.94
-6022.09,-3876.03
-6023.58,-3877.14
-6023.59,-3877.15
-6025.05,-3878.24
-6026.58,-3879.3
-6026.58,-3879.3
-6028.05,-3880.39
-6029.54,-3881.5
-6029.55,-3881.51
-6031.02,-3882.6
-6032.52,-3883.72
-6032.52,-3883.73
-6033.99,-3884.84
-6035.47,-3885.96
-6035.47,-3885.96
-6036.97,-3887.08
-6038.45,-3888.18
-6038.46,-3888.19
-6039.93,-3889.28
-6041.45,-3890.37
-6041.45,-3890.38
-6042.96,-3891.5
-6044.45,-3892.61
-6044.46,-3892.61
-6045.96,-3893.73
-6047.47,-3894.85
-6047.47,-3894.86
-6048.98,-3895.98
-6050.48,-3897.1
-6050.49,-3897.1
-6052.01,-3898.24
-6053.51,-3899.36
-6053.52,-3899.36
-6055.03,-3900.48
-6056.55,-3901.62
-6056.56,-3901.62
-6058.07,-3902.75
-6059.59,-3903.88
-6059.6,-3903.88
-6061.11,-3905.01
-6062.64,-3906.15
-6062.65,-3906.16
-6064.17,-3907.29
-6065.71,-3908.39
-6065.72,-3908.4
-6067.26,-3909.55
-6068.75,-3910.66
-6068.76,-3910.66
-6070.31,-3911.82
-6071.87,-3912.94
-6071.9,-3912.96
-6073.45,-3914.11
-6074.99,-3915.26
-6075.03,-3915.29
-6076.57,-3916.44
-6078.11,-3917.58
-6078.16,-3917.62
-6079.7,-3918.77
-6081.22,-3919.9
-6081.27,-3919.94
-6082.8,-3921.08
-6084.35,-3922.23
-6084.4,-3922.27
-6085.94,-3923.42
-6087.49,-3924.57
-6087.56,-3924.62
-6089.1,-3925.78
-6090.6,-3926.93
-6090.68,-3926.99
-6092.18,-3928.14
-6093.72,-3929.3
-6093.8,-3929.36
-6095.34,-3930.5
-6096.83,-3931.62
-6096.92,-3931.69
-6098.43,-3932.82
-6099.95,-3933.95
-6100.03,-3934.01
-6101.55,-3935.15
-6103.07,-3936.28
-6103.15,-3936.34
-6104.64,-3937.45
-6106.16,-3938.58
-6106.23,-3938.64
-6107.75,-3939.77
-6109.24,-3940.88
-6109.31,-3940.94
-6110.82,-3942.07
-6112.3,-3943.18
-6112.38,-3943.23
-6113.86,-3944.34
-6115.34,-3945.45
-6115.41,-3945.5
-6116.9,-3946.62
-6118.39,-3947.69
-6118.45,-3947.74
-6119.94,-3948.85
-6121.42,-3949.96
-6121.48,-3950.01
-6122.97,-3951.12
-6124.43,-3952.21
-6124.49,-3952.26
-6125.97,-3953.37
-6127.41,-3954.45
-6127.46,-3954.49
-6128.95,-3955.6
-6130.38,-3956.68
-6130.43,-3956.71
-6131.88,-3957.83
-6133.31,-3958.92
-6133.36,-3958.96
-6134.82,-3960.05
-6136.26,-3961.14
-6136.31,-3961.18
-6137.75,-3962.26
-6139.16,-3963.36
-6139.2,-3963.39
-6140.63,-3964.47
-6142.07,-3965.55
-6142.1,-3965.57
-6143.55,-3966.67
-6144.96,-3967.73
-6144.99,-3967.75
-6146.42,-3968.82
-6147.82,-3969.89
-6147.85,-3969.91
-6149.28,-3970.99
-6150.69,-3972.05
-6150.72,-3972.07
-6152.15,-3973.15
-6153.53,-3974.19
-6153.57,-3974.22
-6154.97,-3975.28
-6156.37,-3976.34
-6156.4,-3976.36
-6157.79,-3977.41
-6159.19,-3978.47
-6159.21,-3978.49
-6160.61,-3979.55
-6161.99,-3980.59
-6162.01,-3980.6
-6163.39,-3981.65
-6164.77,-3982.7
-6164.79,-3982.71
-6166.17,-3983.76
-6167.54,-3984.8
-6167.54,-3984.8
-6168.91,-3985.84
-6170.28,-3986.88
-6170.29,-3986.88
-6171.67,-3987.93
-6173.02,-3988.94
-6173.03,-3988.95
-6174.42,-3989.99
-6175.77,-3991.01
-6175.78,-3991.02
-6177.15,-3992.06
-6178.49,-3993.08
-6178.5,-3993.09
-6179.87,-3994.14
-6181.21,-3995.16
-6181.22,-3995.17
-6182.59,-3996.21
-6183.89,-3997.25
-6183.91,-3997.26
-6185.28,-3998.3
-6186.6,-3999.32
-6186.62,-3999.33
-6187.98,-4000.37
-6189.31,-4001.39
-6189.32,-4001.4
-6190.67,-4002.43
-6191.98,-4003.47
-6191.99,-4003.49
-6193.34,-4004.52
-6194.66,-4005.53
-6194.68,-4005.54
-6196.01,-4006.57
-6197.34,-4007.59
-6197.35,-4007.6
-6198.7,-4008.63
-6200.01,-4009.65
-6200.03,-4009.66
-6201.34,-4010.67
-6202.68,-4011.7
-6202.7,-4011.71
-6204.03,-4012.74
-6205.34,-4013.75
-6205.36,-4013.77
-6206.7,-4014.8
-6208,-4015.81
-6208.04,-4015.83
-6209.39,-4016.84
-6210.72,-4017.82
-6210.75,-4017.85
-6212.09,-4018.88
-6213.39,-4019.89
-6213.44,-4019.93
-6214.77,-4020.96
-6216.08,-4021.98
-6216.14,-4022.03
-6217.48,-4023.07
-6218.78,-4024.08
-6218.83,-4024.12
-6220.16,-4025.15
-6221.47,-4026.17
-6221.53,-4026.22
-6222.87,-4027.26
-6224.18,-4028.28
-6224.24,-4028.33
-6225.57,-4029.37
-6226.89,-4030.4
-6226.96,-4030.46
-6228.3,-4031.51
-6229.62,-4032.54
-6229.69,-4032.59
-6231.03,-4033.65
-6232.36,-4034.69
-6232.43,-4034.74
-6233.77,-4035.8
-6235.08,-4036.83
-6235.15,-4036.88
-6236.48,-4037.93
-6237.81,-4038.98
-6237.9,-4039.04
-6239.25,-4040.11
-6240.57,-4041.16
-6240.65,-4041.22
-6242,-4042.29
-6243.33,-4043.34
-6243.4,-4043.4
-6244.74,-4044.46
-6246.11,-4045.54
-6246.18,-4045.6
-6247.52,-4046.66
-6248.87,-4047.73
-6248.94,-4047.79
-6250.29,-4048.87
-6251.64,-4049.94
-6251.71,-4050
-6253.07,-4051.09
-6254.42,-4052.16
-6254.48,-4052.21
-6255.86,-4053.32
-6257.21,-4054.4
-6257.27,-4054.44
-6258.64,-4055.55
-6259.99,-4056.63
-6260.04,-4056.67
-6261.44,-4057.79
-6262.79,-4058.88
-6262.83,-4058.92
-6264.21,-4060.03
-6265.57,-4061.13
-6265.61,-4061.16
-6266.98,-4062.27
-6268.36,-4063.39
-6268.38,-4063.4
-6269.75,-4064.52
-6271.14,-4065.65
-6272.53,-4066.78
-6273.9,-4067.89
-6275.29,-4069.03
-6276.66,-4070.14
-6278.03,-4071.27
-6279.41,-4072.4
-6280.81,-4073.54
-6282.15,-4074.65
-6283.55,-4075.8
-6284.92,-4076.93
-6284.96,-4076.96
-6286.34,-4078.08
-6287.73,-4079.21
-6287.77,-4079.24
-6289.15,-4080.39
-6290.54,-4081.54
-6290.58,-4081.58
-6291.97,-4082.73
-6293.31,-4083.89
-6293.37,-4083.94
-6294.74,-4085.08
-6296.09,-4086.21
-6296.14,-4086.25
-6297.5,-4087.39
-6298.86,-4088.54
-6298.91,-4088.57
-6300.28,-4089.73
-6301.63,-4090.86
-6301.68,-4090.9
-6303.03,-4092.04
-6304.39,-4093.19
-6304.44,-4093.23
-6305.79,-4094.4
-6307.12,-4095.55
-6307.17,-4095.58
-6308.51,-4096.72
-6309.86,-4097.88
-6309.91,-4097.92
-6311.24,-4099.06
-6312.59,-4100.2
-6312.63,-4100.24
-6313.96,-4101.38
-6315.3,-4102.53
-6315.34,-4102.56
-6316.67,-4103.72
-6317.97,-4104.86
-6318,-4104.89
-6319.31,-4106.02
-6320.65,-4107.17
-6320.66,-4107.19
-6322.01,-4108.35
-6323.31,-4109.49
-6323.33,-4109.5
-6324.66,-4110.66
-6325.99,-4111.77
-6325.99,-4111.77
-6327.33,-4112.94
-6328.64,-4114.09
-6328.65,-4114.09
-6329.97,-4115.25
-6331.31,-4116.38
-6331.32,-4116.39
-6332.64,-4117.55
-6333.95,-4118.7
-6333.95,-4118.7
-6335.27,-4119.87
-6336.56,-4121.02
-6336.58,-4121.03
-6337.86,-4122.21
-6339.17,-4123.42
-6339.19,-4123.43
-6340.49,-4124.59
-6341.8,-4125.76
-6341.82,-4125.78
-6343.12,-4126.94
-6344.46,-4128.1
-6344.49,-4128.12
-6345.8,-4129.31
-6347.1,-4130.47
-6347.14,-4130.51
-6348.47,-4131.7
-6349.76,-4132.88
-6349.79,-4132.9
-6351.1,-4134.09
-6352.43,-4135.25
-6352.46,-4135.28
-6353.77,-4136.47
-6355.06,-4137.65
-6355.09,-4137.68
-6356.41,-4138.88
-6357.72,-4140.08
-6357.74,-4140.1
-6359.05,-4141.3
-6360.35,-4142.5
-6360.36,-4142.52
-6361.68,-4143.73
-6362.96,-4144.96
-6362.96,-4144.96
-6364.28,-4146.18
-6365.58,-4147.39
-6365.58,-4147.4
-6366.88,-4148.6
-6368.2,-4149.79
-6368.21,-4149.8
-6369.53,-4151.04
-6369.88,-4151.37
-6371.19,-4152.59
-6372.53,-4153.86
-6372.76,-4154.08
-6374.08,-4155.32
-6375.41,-4156.58
-6376.76,-4157.86
-6377.07,-4158.16
-6378.4,-4159.42
-6379.72,-4160.68
-6379.96,-4160.91
-6381.27,-4162.16
-6382.55,-4163.39
-6382.74,-4163.57
-6384.03,-4164.81
-6385.31,-4166.04
-6385.45,-4166.18
-6386.73,-4167.42
-6387.99,-4168.64
-6388.11,-4168.75
-6389.38,-4169.98
-6389.65,-4170.25
-6390.91,-4171.47
-6392.21,-4172.73
-6393.49,-4173.99
-6393.71,-4174.21
-6394.98,-4175.45
-6395.21,-4175.67
-6396.45,-4176.9
-6397.74,-4178.16
-6399,-4179.4
-6399.27,-4179.67
-6400.51,-4180.9
-6400.72,-4181.11
-6401.98,-4182.36
-6403.24,-4183.61
-6403.37,-4183.75
-6404.65,-4185.02
-6405.9,-4186.26
-6407.2,-4187.52
-6407.56,-4187.88
-6408.81,-4189.14
-6408.98,-4189.31
-6410.21,-4190.55
-6411.48,-4191.83
-6411.6,-4191.94
-6412.8,-4193.16
-6414.08,-4194.45
-6414.15,-4194.53
-6415.41,-4195.81
-6416.68,-4197.1
-6416.71,-4197.14
-6417.94,-4198.41
-6419.2,-4199.72
-6419.21,-4199.73
-6420.45,-4201
-6421.7,-4202.29
-6421.71,-4202.3
-6422.98,-4203.6
-6424.23,-4204.9
-6424.26,-4204.92
-6425.49,-4206.19
-6426.74,-4207.49
-6426.77,-4207.52
-6428.01,-4208.81
-6429.27,-4210.12
-6429.31,-4210.17
-6430.54,-4211.44
-6431.79,-4212.75
-6433.02,-4214.04
-6433.53,-4214.57
-6434.73,-4215.84
-6434.83,-4215.94
-6436.03,-4217.2
-6437.23,-4218.47
-6437.3,-4218.55
-6438.5,-4219.81
-6439.69,-4221.12
-6439.74,-4221.17
-6440.94,-4222.45
-6442.17,-4223.75
-6442.2,-4223.79
-6443.38,-4225.04
-6444.58,-4226.37
-6444.6,-4226.4
-6445.8,-4227.68
-6447.01,-4228.98
-6447.03,-4229
-6448.22,-4230.28
-6449.42,-4231.58
-6449.44,-4231.59
-6450.66,-4232.91
-6451.91,-4234.16
-6451.92,-4234.17
-6453.09,-4235.45
-6454.31,-4236.76
-6454.32,-4236.78
-6455.51,-4238.07
-6456.72,-4239.39
-6456.74,-4239.41
-6457.91,-4240.69
-6459.12,-4242.01
-6459.14,-4242.03
-6460.31,-4243.32
-6461.52,-4244.65
-6461.54,-4244.67
-6462.71,-4245.96
-6463.91,-4247.29
-6463.93,-4247.31
-6465.1,-4248.6
-6466.3,-4249.94
-6466.33,-4249.96
-6467.5,-4251.26
-6468.7,-4252.6
-6468.72,-4252.62
-6469.9,-4253.93
-6471.1,-4255.28
-6471.12,-4255.3
-6472.29,-4256.61
-6473.51,-4257.97
-6473.52,-4257.99
-6474.68,-4259.29
-6475.89,-4260.65
-6475.91,-4260.67
-6477.08,-4261.99
-6478.28,-4263.35
-6478.3,-4263.37
-6479.46,-4264.69
-6480.66,-4266.05
-6480.68,-4266.07
-6481.86,-4267.41
-6483.04,-4268.76
-6483.06,-4268.78
-6484.24,-4270.13
-6485.43,-4271.48
-6485.45,-4271.51
-6486.65,-4272.88
-6487.83,-4274.24
-6487.86,-4274.27
-6489.03,-4275.62
-6490.22,-4276.99
-6490.25,-4277.02
-6491.42,-4278.37
-6492.6,-4279.74
-6492.63,-4279.77
-6493.83,-4281.17
-6495.02,-4282.55
-6495.04,-4282.57
-6496.21,-4283.93
-6497.39,-4285.31
-6497.41,-4285.34
-6498.6,-4286.72
-6499.8,-4288.12
-6499.81,-4288.14
-6501.01,-4289.54
-6502.2,-4290.95
-6502.21,-4290.95
-6503.37,-4292.32
-6504.56,-4293.72
-6504.56,-4293.73
-6505.75,-4295.13
-6506.93,-4296.53
-6506.94,-4296.54
-6508.14,-4297.96
-6509.32,-4299.37
-6509.33,-4299.38
-6510.5,-4300.77
-6511.68,-4302.18
-6511.69,-4302.19
-6512.88,-4303.61
-6514.07,-4305.03
-6514.07,-4305.04
-6515.24,-4306.44
-6516.44,-4307.88
-6516.45,-4307.89
-6517.6,-4309.28
-6518.79,-4310.72
-6518.8,-4310.73
-6520,-4312.18
-6521.18,-4313.61
-6521.19,-4313.62
-6522.36,-4315.04
-6523.54,-4316.48
-6523.56,-4316.49
-6524.71,-4317.9
-6525.9,-4319.35
-6525.91,-4319.36
-6527.07,-4320.78
-6528.26,-4322.24
-6528.28,-4322.26
-6529.43,-4323.68
-6530.62,-4325.14
-6530.63,-4325.15
-6531.78,-4326.56
-6532.94,-4328
-6532.95,-4328.01
-6534.12,-4329.46
-6535.28,-4330.9
-6535.29,-4330.91
-6536.46,-4332.35
-6537.63,-4333.8
-6537.63,-4333.82
-6538.78,-4335.24
-6539.96,-4336.71
-6539.97,-4336.72
-6541.11,-4338.15
-6542.28,-4339.61
-6542.29,-4339.62
-6543.43,-4341.06
-6544.6,-4342.52
-6544.61,-4342.54
-6545.75,-4343.97
-6546.92,-4345.45
-6546.93,-4345.47
-6548.06,-4346.9
-6549.23,-4348.38
-6549.24,-4348.4
-6550.38,-4349.83
-6551.54,-4351.31
-6551.55,-4351.32
-6552.67,-4352.76
-6553.84,-4354.24
-6553.84,-4354.24
-6554.97,-4355.69
-6556.12,-4357.16
-6556.12,-4357.17
-6557.28,-4358.66
-6558.43,-4360.13
-6558.44,-4360.14
-6559.56,-4361.59
-6560.73,-4363.1
-6560.74,-4363.1
-6561.86,-4364.56
-6563.02,-4366.06
-6563.02,-4366.06
-6564.14,-4367.52
-6565.29,-4369
-6565.3,-4369.01
-6566.43,-4370.5
-6567.59,-4372
-6567.59,-4372.01
-6568.73,-4373.49
-6569.88,-4375.01
-6569.89,-4375.01
-6571,-4376.48
-6572.14,-4377.98
-6572.15,-4377.99
-6573.28,-4379.48
-6574.45,-4381.01
-6574.45,-4381.02
-6575.57,-4382.5
-6576.72,-4384.02
-6576.73,-4384.03
-6577.85,-4385.52
-6578.99,-4387.04
-6579,-4387.05
-6580.12,-4388.55
-6581.26,-4390.07
-6581.27,-4390.08
-6582.38,-4391.57
-6583.51,-4393.08
-6583.52,-4393.1
-6584.66,-4394.63
-6585.78,-4396.13
-6585.8,-4396.15
-6586.9,-4397.64
-6588.03,-4399.17
-6588.04,-4399.18
-6589.15,-4400.69
-6590.28,-4402.21
-6590.29,-4402.23
-6591.4,-4403.73
-6592.51,-4405.25
-6592.53,-4405.27
-6593.65,-4406.8
-6594.76,-4408.31
-6594.77,-4408.33
-6595.86,-4409.82
-6596.98,-4411.36
-6597,-4411.38
-6598.11,-4412.92
-6599.21,-4414.42
-6599.22,-4414.43
-6600.32,-4415.96
-6601.43,-4417.48
-6601.44,-4417.5
-6602.53,-4419.02
-6603.64,-4420.55
-6603.65,-4420.56
-6604.74,-4422.08
-6605.85,-4423.62
-6605.86,-4423.64
-6606.95,-4425.16
-6608.04,-4426.68
-6608.04,-4426.69
-6609.13,-4428.21
-6610.22,-4429.73
-6610.22,-4429.74
-6611.31,-4431.27
-6612.4,-4432.8
-6612.4,-4432.81
-6613.48,-4434.33
-6614.58,-4435.88
-6614.58,-4435.89
-6615.66,-4437.42
-6616.75,-4438.96
-6616.76,-4438.97
-6617.83,-4440.5
-6618.9,-4442.03
-6618.9,-4442.03
-6620,-4443.59
-6621.07,-4445.12
-6621.07,-4445.12
-6622.15,-4446.67
-6623.22,-4448.2
-6623.22,-4448.21
-6624.3,-4449.77
-6625.37,-4451.3
-6625.37,-4451.31
-6626.44,-4452.85
-6627.52,-4454.41
-6627.52,-4454.42
-6628.59,-4455.97
-6629.65,-4457.5
-6629.66,-4457.51
-6630.72,-4459.07
-6631.79,-4460.61
-6631.79,-4460.62
-6632.87,-4462.2
-6633.92,-4463.74
-6633.93,-4463.75
-6635,-4465.32
-6636.05,-4466.86
-6636.06,-4466.87
-6637.13,-4468.45
-6638.18,-4470
-6638.2,-4470.02
-6639.24,-4471.57
-6640.32,-4473.16
-6640.32,-4473.17
-6641.36,-4474.72
-6642.42,-4476.29
-6642.43,-4476.3
-6643.48,-4477.86
-6644.53,-4479.43
-6644.54,-4479.44
-6645.6,-4481.04
-6646.64,-4482.59
-6646.65,-4482.6
-6647.71,-4484.19
-6648.74,-4485.75
-6648.75,-4485.76
-6649.81,-4487.35
-6650.84,-4488.92
-6650.85,-4488.93
-6651.91,-4490.53
-6652.95,-4492.11
-6652.95,-4492.11
-6653.99,-4493.7
-6655.02,-4495.27
-6655.03,-4495.27
-6656.08,-4496.88
-6657.11,-4498.45
-6657.12,-4498.46
-6658.17,-4500.07
-6659.19,-4501.64
-6659.19,-4501.64
-6660.21,-4503.22
-6661.25,-4504.82
-6661.26,-4504.82
-6662.3,-4506.44
-6663.32,-4508.01
-6663.32,-4508.02
-6664.37,-4509.63
-6665.38,-4511.21
-6665.39,-4511.22
-6666.42,-4512.83
-6667.43,-4514.41
-6667.44,-4514.41
-6668.47,-4516.02
-6669.49,-4517.62
-6669.49,-4517.63
-6670.52,-4519.24
-6671.53,-4520.82
-6671.53,-4520.83
-6672.55,-4522.44
-6673.56,-4524.03
-6673.58,-4524.05
-6674.61,-4525.68
-6675.61,-4527.27
-6675.62,-4527.28
-6676.62,-4528.87
-6677.63,-4530.49
-6677.64,-4530.5
-6678.65,-4532.11
-6679.66,-4533.72
-6679.67,-4533.74
-6680.66,-4535.33
-6681.67,-4536.94
-6681.69,-4536.98
-6682.69,-4538.58
-6683.68,-4540.19
-6683.73,-4540.26
-6684.73,-4541.88
-6685.71,-4543.46
-6685.74,-4543.5
-6686.74,-4545.13
-6687.71,-4546.71
-6687.74,-4546.76
-6688.74,-4548.38
-6689.72,-4549.99
-6689.76,-4550.05
-6690.75,-4551.67
-6691.72,-4553.25
-6691.74,-4553.29
-6692.73,-4554.91
-6693.69,-4556.49
-6693.72,-4556.55
-6694.7,-4558.16
-6695.68,-4559.77
-6695.69,-4559.8
-6696.68,-4561.42
-6697.64,-4563.02
-6697.65,-4563.04
-6698.63,-4564.66
-6699.59,-4566.27
-6699.61,-4566.29
-6700.58,-4567.91
-6701.54,-4569.52
-6701.54,-4569.53
-6702.52,-4571.17
-6703.47,-4572.76
-6703.48,-4572.78
-6704.46,-4574.42
-6705.41,-4576.02
-6705.41,-4576.03
-6706.38,-4577.66
-6707.33,-4579.27
-6707.33,-4579.28
-6708.29,-4580.91
-6709.23,-4582.51
-6709.24,-4582.53
-6710.21,-4584.18
-6711.15,-4585.79
-6711.16,-4585.8
-6712.12,-4587.45
-6713.06,-4589.05
-6713.07,-4589.07
-6714.02,-4590.71
-6714.97,-4592.33
-6714.98,-4592.35
-6715.93,-4593.99
-6716.86,-4595.6
-6716.87,-4595.63
-6717.83,-4597.29
-6718.75,-4598.89
-6718.77,-4598.92
-6719.74,-4600.62
-6720.66,-4602.21
-6720.67,-4602.22
-6721.62,-4603.88
-6722.54,-4605.5
-6722.55,-4605.53
-6723.5,-4607.19
-6724.43,-4608.83
-6724.44,-4608.84
-6725.38,-4610.5
-6726.3,-4612.14
-6726.31,-4612.15
-6727.25,-4613.81
-6728.16,-4615.43
-6728.17,-4615.45
-6729.12,-4617.13
-6730.04,-4618.77
-6730.05,-4618.79
-6730.98,-4620.46
-6731.9,-4622.11
-6731.91,-4622.11
-6732.84,-4623.79
-6733.76,-4625.44
-6733.78,-4625.47
-6734.71,-4627.16
-6735.62,-4628.81
-6735.63,-4628.82
-6736.57,-4630.52
-6737.47,-4632.15
-6737.47,-4632.17
-6738.4,-4633.86
-6739.31,-4635.51
-6739.31,-4635.52
-6740.24,-4637.2
-6741.14,-4638.86
-6741.14,-4638.87
-6742.06,-4640.54
-6742.97,-4642.22
-6742.98,-4642.24
-6743.89,-4643.92
-6744.79,-4645.59
-6744.8,-4645.6
-6745.71,-4647.29
-6746.61,-4648.95
-6746.62,-4648.97
-6747.52,-4650.65
-6748.4,-4652.3
-6748.41,-4652.31
-6749.3,-4653.98
-6750.2,-4655.65
-6750.2,-4655.66
-6751.11,-4657.37
-6751.99,-4659.02
-6751.99,-4659.03
-6752.89,-4660.73
-6753.77,-4662.38
-6753.77,-4662.39
-6754.66,-4664.08
-6755.54,-4665.75
-6755.55,-4665.76
-6756.44,-4667.46
-6757.31,-4669.11
-6757.31,-4669.13
-6758.19,-4670.81
-6759.06,-4672.47
-6759.06,-4672.48
-6759.95,-4674.18
-6760.81,-4675.84
-6760.82,-4675.85
-6761.7,-4677.56
-6762.54,-4679.19
-6762.55,-4679.2
-6763.44,-4680.93
-6764.3,-4682.6
-6764.31,-4682.63
-6765.18,-4684.33
-6766.04,-4686
-6766.05,-4686.03
-6766.92,-4687.73
-6767.77,-4689.39
-6767.78,-4689.41
-6768.63,-4691.09
-6769.49,-4692.77
-6769.5,-4692.79
-6770.36,-4694.5
-6771.2,-4696.17
-6771.21,-4696.19
-6772.06,-4697.87
-6772.89,-4699.54
-6772.9,-4699.55
-6773.75,-4701.25
-6774.59,-4702.92
-6774.59,-4702.94
-6775.44,-4704.63
-6776.26,-4706.29
-6776.27,-4706.31
-6777.11,-4708
-6777.93,-4709.66
-6777.93,-4709.67
-6778.77,-4711.36
-6779.59,-4713.02
-6779.59,-4713.03
-6780.43,-4714.73
-6781.24,-4716.39
-6781.25,-4716.4
-6782.06,-4718.07
-6782.89,-4719.76
-6782.89,-4719.76
-6783.72,-4721.46
-6784.52,-4723.12
-6784.52,-4723.12
-6785.34,-4724.81
-6786.15,-4726.48
-6786.15,-4726.49
-6786.97,-4728.19
-6787.77,-4729.85
-6787.77,-4729.86
-6788.58,-4731.55
-6789.38,-4733.21
-6789.38,-4733.22
-6790.19,-4734.93
-6790.98,-4736.58
-6790.98,-4736.59
-6791.79,-4738.3
-6792.59,-4739.97
-6792.59,-4739.98
-6793.4,-4741.68
-6794.18,-4743.34
-6794.18,-4743.35
-6794.98,-4745.05
-6795.76,-4746.72
-6795.77,-4746.73
-6796.56,-4748.42
-6797.35,-4750.11
-6797.35,-4750.12
-6798.13,-4751.8
-6798.92,-4753.5
-6798.93,-4753.51
-6799.72,-4755.22
-6800.49,-4756.88
-6800.49,-4756.9
-6801.27,-4758.58
-6802.04,-4760.26
-6802.05,-4760.27
-6802.83,-4761.98
-6803.6,-4763.66
-6803.6,-4763.67
-6804.37,-4765.36
-6805.13,-4767.04
-6805.13,-4767.04
-6805.9,-4768.73
-6806.66,-4770.4
-6806.66,-4770.41
-6807.43,-4772.11
-6808.18,-4773.78
-6808.18,-4773.79
-6808.95,-4775.49
-6809.7,-4777.16
-6809.7,-4777.17
-6810.45,-4778.84
-6811.21,-4780.55
-6811.21,-4780.56
-6811.97,-4782.26
-6812.71,-4783.94
-6812.72,-4783.95
-6813.47,-4785.64
-6814.21,-4787.33
-6814.21,-4787.33
-6814.96,-4789.03
-6815.73,-4790.7
-6815.73,-4790.71
-6816.48,-4792.42
-6817.21,-4794.09
-6817.21,-4794.1
-6817.96,-4795.81
-6818.69,-4797.5
-6818.69,-4797.51
-6819.44,-4799.22
-6820.16,-4800.89
-6820.17,-4800.91
-6820.9,-4802.61
-6821.59,-4804.31
-6821.6,-4804.33
-6822.33,-4806.04
-6823.06,-4807.73
-6823.06,-4807.75
-6823.8,-4809.48
-6824.51,-4811.15
-6824.52,-4811.16
-6825.24,-4812.88
-6825.96,-4814.57
-6825.97,-4814.59
-6826.69,-4816.31
-6827.4,-4817.99
-6827.41,-4818.01
-6828.12,-4819.7
-6828.84,-4821.43
-6828.85,-4821.45
-6829.56,-4823.16
-6830.26,-4824.84
-6830.27,-4824.87
-6831.02,-4826.59
-6831.22,-4827.08
-6831.93,-4828.8
-6832.66,-4830.57
-6833.38,-4832.3
-6833.45,-4832.49
-6834.17,-4834.24
-6834.87,-4835.96
-6834.93,-4836.09
-6835.64,-4837.84
-6836.31,-4839.57
-6836.34,-4839.66
-6837.05,-4841.41
-6837.23,-4841.85
-6837.93,-4843.58
-6838.65,-4845.36
-6838.77,-4845.67
-6839.47,-4847.43
-6840.19,-4849.23
-6840.91,-4851.03
-6841.08,-4851.45
-6841.79,-4853.23
-6841.9,-4853.51
-6842.6,-4855.27
-6843.31,-4857.09
-6843.38,-4857.26
-6844.08,-4859.03
-6844.79,-4860.86
-6844.83,-4860.94
-6845.53,-4862.72
-6846.24,-4864.57
-6846.25,-4864.58
-6846.95,-4866.38
-6847.65,-4868.19
-6847.67,-4868.23
-6848.37,-4870.06
-6849.11,-4871.88
-6849.14,-4871.95
-6849.83,-4873.74
-6850.53,-4875.59
-6851.23,-4877.4
-6851.51,-4878.16
-6852.19,-4879.94
-6852.24,-4880.06
-6852.91,-4881.83
-6853.59,-4883.64
-6853.62,-4883.7
-6854.27,-4885.43
-6854.96,-4887.28
-6854.97,-4887.3
-6855.63,-4889.07
-6856.28,-4890.89
-6856.28,-4890.9
-6856.94,-4892.66
-6857.61,-4894.48
-6857.62,-4894.5
-6858.28,-4896.29
-6858.97,-4898.06
-6858.98,-4898.1
-6859.65,-4899.92
-6860.31,-4901.71
-6860.32,-4901.75
-6860.97,-4903.53
-6861.63,-4905.35
-6861.65,-4905.39
-6862.26,-4907.17
-6862.89,-4909.02
-6862.91,-4909.06
-6863.54,-4910.82
-6864.2,-4912.64
-6864.83,-4914.41
-6865.08,-4915.09
-6865.74,-4916.86
-6865.81,-4917.04
-6866.42,-4918.76
-6867.06,-4920.57
-6867.11,-4920.71
-6867.72,-4922.44
-6868.36,-4924.24
-6868.4,-4924.36
-6869.01,-4926.11
-6869.65,-4927.91
-6869.68,-4928
-6870.29,-4929.75
-6870.95,-4931.56
-6870.97,-4931.62
-6871.59,-4933.4
-6872.21,-4935.2
-6872.23,-4935.26
-6872.85,-4937.05
-6873.48,-4938.87
-6873.49,-4938.9
-6874.09,-4940.67
-6874.72,-4942.51
-6874.73,-4942.53
-6875.32,-4944.3
-6875.94,-4946.14
-6875.94,-4946.16
-6876.53,-4947.94
-6877.14,-4949.77
-6877.15,-4949.8
-6877.75,-4951.58
-6878.36,-4953.42
-6878.37,-4953.43
-6878.97,-4955.23
-6879.58,-4957.07
-6879.58,-4957.07
-6880.17,-4958.87
-6880.78,-4960.71
-6880.78,-4960.72
-6881.37,-4962.51
-6881.98,-4964.36
-6881.98,-4964.36
-6882.57,-4966.17
-6883.17,-4968.02
-6883.18,-4968.02
-6883.76,-4969.81
-6884.36,-4971.67
-6884.36,-4971.67
-6884.94,-4973.48
-6885.53,-4975.32
-6885.54,-4975.33
-6886.11,-4977.13
-6886.7,-4978.98
-6886.71,-4978.99
-6887.28,-4980.8
-6887.87,-4982.65
-6887.87,-4982.66
-6888.44,-4984.47
-6889.03,-4986.33
-6889.6,-4988.14
-6889.81,-4988.82
-6890.37,-4990.62
-6890.43,-4990.82
-6890.99,-4992.61
-6891.55,-4994.41
-6891.6,-4994.58
-6892.16,-4996.4
-6892.73,-4998.24
-6892.76,-4998.35
-6893.31,-5000.15
-6893.88,-5002.01
-6893.9,-5002.08
-6894.45,-5003.88
-6895.01,-5005.74
-6895.03,-5005.79
-6895.57,-5007.59
-6896.17,-5009.44
-6896.18,-5009.47
-6896.72,-5011.29
-6897.28,-5013.15
-6897.28,-5013.17
-6897.82,-5014.98
-6898.38,-5016.86
-6898.38,-5016.86
-6898.92,-5018.68
-6899.48,-5020.57
-6899.48,-5020.58
-6900.01,-5022.4
-6900.55,-5024.24
-6900.55,-5024.25
-6901.1,-5026.14
-6901.61,-5028.01
-6901.62,-5028.04
-6902.15,-5029.88
-6902.69,-5031.75
-6902.7,-5031.78
-6903.22,-5033.6
-6903.76,-5035.47
-6903.77,-5035.5
-6904.29,-5037.34
-6904.82,-5039.22
-6904.83,-5039.24
-6905.34,-5041.06
-6905.87,-5042.95
-6905.88,-5042.97
-6906.4,-5044.8
-6906.92,-5046.66
-6906.92,-5046.68
-6907.43,-5048.51
-6907.95,-5050.39
-6907.96,-5050.4
-6908.46,-5052.23
-6908.98,-5054.1
-6908.98,-5054.11
-6909.49,-5055.99
-6909.99,-5057.81
-6910.48,-5059.63
-6910.99,-5061.48
-6910.99,-5061.49
-6911.49,-5063.35
-6912,-5065.23
-6912.48,-5067.03
-6912.97,-5068.88
-6912.98,-5068.89
-6913.48,-5070.77
-6913.97,-5072.63
-6914.45,-5074.45
-6914.94,-5076.33
-6915.42,-5078.14
-6915.94,-5080.01
-6916.41,-5081.85
-6916.9,-5083.71
-6916.9,-5083.72
-6917.38,-5085.6
-6917.86,-5087.46
-6918.3,-5089.31
-6918.78,-5091.2
-6919.24,-5093.03
-6919.72,-5094.92
-6920.21,-5096.75
-6920.68,-5098.64
-6921.14,-5100.48
-6921.61,-5102.36
-6922.04,-5104.23
-6922.5,-5106.11
-6922.96,-5108
-6923.43,-5109.9
-6923.87,-5111.74
-6924.33,-5113.64
-6924.79,-5115.51
-6925.24,-5117.4
-6925.69,-5119.28
-6926.14,-5121.18
-6926.58,-5123.03
-6927.02,-5124.93
-6927.47,-5126.83
-6927.91,-5128.7
-6928.35,-5130.59
-6928.79,-5132.5
-6929.22,-5134.36
-6929.66,-5136.27
-6930.09,-5138.14
-6930.52,-5140.07
-6930.95,-5141.94
-6931.38,-5143.87
-6931.81,-5145.74
-6932.25,-5147.63
-6932.26,-5147.66
-6932.69,-5149.59
-6933.12,-5151.5
-6933.53,-5153.39
-6933.96,-5155.32
-6934.37,-5157.21
-6934.76,-5159.14
-6934.76,-5159.16
-6935.17,-5161.07
-6935.58,-5162.98
-6935.59,-5163
-6936,-5164.9
-6936.41,-5166.83
-6936.41,-5166.85
-6936.82,-5168.76
-6937.23,-5170.7
-6937.23,-5170.72
-6937.63,-5172.61
-6937.96,-5174.55
-6937.97,-5174.57
-6938.38,-5176.53
-6938.77,-5178.45
-6938.78,-5178.45
-6939.18,-5180.41
-6939.6,-5182.3
-6939.6,-5182.31
-6939.99,-5184.23
-6940.38,-5186.16
-6940.39,-5186.16
-6940.78,-5188.13
-6941.17,-5190.04
-6941.17,-5190.04
-6941.55,-5191.97
-6941.98,-5193.93
-6941.98,-5193.94
-6942.37,-5195.89
-6942.75,-5197.82
-6942.75,-5197.84
-6943.13,-5199.77
-6943.54,-5201.71
-6943.55,-5201.73
-6943.93,-5203.69
-6944.3,-5205.62
-6944.31,-5205.64
-6944.68,-5207.57
-6945.05,-5209.53
-6945.06,-5209.56
-6945.43,-5211.5
-6945.73,-5213.47
-6945.74,-5213.5
-6946.11,-5215.45
-6946.48,-5217.41
-6946.48,-5217.44
-6946.85,-5219.39
-6947.21,-5221.35
-6947.22,-5221.38
-6947.58,-5223.32
-6947.94,-5225.26
-6947.94,-5225.29
-6948.3,-5227.22
-6948.65,-5229.17
-6948.66,-5229.19
-6949.02,-5231.15
-6949.37,-5233.08
-6949.37,-5233.09
-6949.72,-5235.04
-6950.07,-5236.98
-6950.07,-5236.98
-6950.42,-5238.94
-6950.76,-5240.87
-6950.76,-5240.87
-6951.11,-5242.82
-6951.49,-5244.76
-6951.49,-5244.77
-6951.84,-5246.75
-6952.18,-5248.69
-6952.18,-5248.7
-6952.52,-5250.65
-6952.89,-5252.6
-6952.9,-5252.63
-6953.24,-5254.62
-6953.58,-5256.58
-6953.58,-5256.6
-6953.92,-5258.57
-6954.26,-5260.52
-6954.26,-5260.55
-6954.59,-5262.54
-6954.91,-5264.49
-6954.92,-5264.52
-6955.23,-5266.48
-6955.54,-5268.44
-6955.55,-5268.48
-6955.87,-5270.48
-6956.19,-5272.43
-6956.2,-5272.47
-6956.53,-5274.46
-6956.86,-5276.41
-6956.86,-5276.45
-6957.19,-5278.42
-6957.51,-5280.4
-6957.52,-5280.43
-6957.85,-5282.44
-6958.17,-5284.42
-6958.17,-5284.44
-6958.5,-5286.44
-6958.82,-5288.43
-6958.82,-5288.45
-6959.15,-5290.45
-6959.47,-5292.44
-6959.47,-5292.46
-6959.79,-5294.47
-6960.11,-5296.45
-6960.11,-5296.46
-6960.43,-5298.48
-6960.74,-5300.45
-6960.75,-5300.47
-6961.11,-5302.47
-6961.47,-5304.45
-6961.48,-5304.48
-6961.79,-5306.48
-6962.11,-5308.48
-6962.11,-5308.51
-6962.43,-5310.54
-6962.74,-5312.54
-6962.74,-5312.57
-6963.06,-5314.6
-6963.36,-5316.6
-6963.37,-5316.63
-6963.68,-5318.67
-6963.99,-5320.66
-6963.99,-5320.7
-6964.3,-5322.73
-6964.55,-5324.77
-6964.55,-5324.8
-6964.86,-5326.85
-6965.17,-5328.87
-6965.18,-5328.91
-6965.49,-5330.96
-6965.79,-5332.98
-6965.79,-5333.01
-6966.1,-5335.08
-6966.41,-5337.1
-6966.41,-5337.13
-6966.72,-5339.18
-6967.02,-5341.22
-6967.03,-5341.25
-6967.33,-5343.3
-6967.63,-5345.35
-6967.64,-5345.37
-6967.94,-5347.42
-6968.25,-5349.49
-6968.25,-5349.51
-6968.55,-5351.58
-6968.85,-5353.62
-6968.85,-5353.64
-6969.15,-5355.69
-6969.46,-5357.77
-6969.46,-5357.77
-6969.76,-5359.86
-6970.06,-5361.91
-6970.06,-5361.92
-6970.36,-5363.99
-6970.66,-5366.07
-6970.66,-5366.08
-6970.97,-5368.17
-6971.26,-5370.23
-6971.26,-5370.24
-6971.56,-5372.33
-6971.93,-5374.39
-6971.93,-5374.41
-6972.23,-5376.52
-6972.53,-5378.58
-6972.53,-5378.59
-6972.83,-5380.7
-6973.12,-5382.76
-6973.12,-5382.77
-6973.42,-5384.88
-6973.72,-5386.95
-6973.72,-5386.96
-6974.01,-5389.05
-6974.31,-5391.13
-6974.31,-5391.13
-6974.61,-5393.25
-6974.9,-5395.31
-6974.9,-5395.32
-6975.2,-5397.44
-6975.49,-5399.51
-6975.49,-5399.51
-6975.78,-5401.64
-6976.06,-5403.72
-6976.06,-5403.73
-6976.34,-5405.82
-6976.62,-5407.94
-6976.62,-5407.94
-6976.91,-5410.06
-6977.19,-5412.15
-6977.2,-5412.17
-6977.5,-5414.31
-6977.79,-5416.41
-6977.79,-5416.42
-6978.09,-5418.56
-6978.38,-5420.64
-6978.38,-5420.65
-6978.68,-5422.78
-6978.98,-5424.88
-6978.98,-5424.88
-6979.29,-5427.01
-6979.59,-5429.12
-6979.59,-5429.12
-6979.89,-5431.23
-6980.2,-5433.35
-6980.2,-5433.36
-6980.51,-5435.5
-6980.8,-5437.59
-6980.8,-5437.61
-6981.1,-5439.75
-6981.39,-5441.85
-6981.39,-5441.87
-6981.69,-5444.01
-6981.91,-5446.12
-6981.92,-5446.15
-6982.21,-5448.29
-6982.5,-5450.38
-6982.51,-5450.44
-6982.8,-5452.55
-6983.1,-5454.67
-6983.11,-5454.75
-6983.4,-5456.88
-6983.69,-5458.98
-6983.7,-5459.06
-6983.99,-5461.17
-6984.28,-5463.29
-6984.3,-5463.39
-6984.59,-5465.52
-6984.88,-5467.59
-6984.89,-5467.7
-6985.18,-5469.81
-6985.47,-5471.89
-6985.49,-5472
-6985.78,-5474.13
-6986.06,-5476.18
-6986.08,-5476.29
-6986.37,-5478.4
-6986.65,-5480.47
-6986.67,-5480.59
-6986.96,-5482.69
-6987.24,-5484.73
-6987.25,-5484.85
-6987.54,-5486.94
-6987.82,-5488.98
-6987.84,-5489.11
-6988.12,-5491.17
-6988.4,-5493.23
-6988.42,-5493.36
-6988.7,-5495.43
-6988.98,-5497.44
-6989,-5497.57
-6989.28,-5499.62
-6989.55,-5501.62
-6989.57,-5501.74
-6989.85,-5503.75
-6990.12,-5505.78
-6990.14,-5505.9
-6990.41,-5507.88
-6990.69,-5509.91
-6990.7,-5510.02
-6990.98,-5512.01
-6991.24,-5513.97
-6991.26,-5514.07
-6991.53,-5516.07
-6991.8,-5518.03
-6991.81,-5518.11
-6992.08,-5520.11
-6992.35,-5522.05
-6992.36,-5522.12
-6992.63,-5524.11
-6992.9,-5526.06
-6992.91,-5526.13
-6993.17,-5528.09
-6993.44,-5530.02
-6993.45,-5530.08
-6993.71,-5532.04
-6993.98,-5533.97
-6993.98,-5534.01
-6994.25,-5535.94
-6994.51,-5537.85
-6994.51,-5537.87
-6994.77,-5539.77
-6995.03,-5541.68
-6995.03,-5541.69
-6995.29,-5543.61
-6995.55,-5545.5
-6995.55,-5545.54
-6995.82,-5547.47
-6996.08,-5549.37
-6996.08,-5549.4
-6996.34,-5551.31
-6996.63,-5553.18
-6996.64,-5553.22
-6996.9,-5555.14
-6997.15,-5557.02
-6997.16,-5557.07
-6997.42,-5558.99
-6997.68,-5560.87
-6997.68,-5560.92
-6997.95,-5562.85
-6998.2,-5564.72
-6998.21,-5564.78
-6998.47,-5566.69
-6998.7,-5568.6
-6998.7,-5568.66
-6998.96,-5570.57
-6999.22,-5572.45
-6999.23,-5572.51
-6999.49,-5574.42
-6999.74,-5576.3
-6999.75,-5576.37
-7000.01,-5578.29
-7000.27,-5580.17
-7000.27,-5580.21
-7000.53,-5582.1
-7000.79,-5584.02
-7000.8,-5584.05
-7001.06,-5585.98
-7001.31,-5587.86
-7001.32,-5587.88
-7001.58,-5589.79
-7001.83,-5591.67
-7001.83,-5591.68
-7002.1,-5593.62
-7002.35,-5595.5
-7002.35,-5595.51
-7002.6,-5597.36
-7002.86,-5599.25
-7002.86,-5599.26
-7003.12,-5601.14
-7003.37,-5603.04
-7003.38,-5603.04
-7003.63,-5604.9
-7003.89,-5606.83
-7003.89,-5606.84
-7004.14,-5608.7
-7004.4,-5610.57
-7004.4,-5610.58
-7004.65,-5612.44
-7004.91,-5614.32
-7004.91,-5614.33
-7005.16,-5616.22
-7005.41,-5618.06
-7005.42,-5618.07
-7005.7,-5619.94
-7005.99,-5621.81
-7005.99,-5621.83
-7006.25,-5623.71
-7006.5,-5625.58
-7006.51,-5625.6
-7006.76,-5627.46
-7007.01,-5629.34
-7007.02,-5629.36
-7007.27,-5631.24
-7007.52,-5633.09
-7007.53,-5633.12
-7007.78,-5635
-7007.96,-5636.85
-7007.97,-5636.89
-7008.23,-5638.77
-7008.47,-5640.6
-7008.48,-5640.63
-7008.8,-5642.53
-7009.05,-5644.39
-7009.31,-5646.27
-7009.56,-5648.14
-7009.82,-5650.01
-7010.07,-5651.88
-7010.33,-5653.76
-7010.58,-5655.61
-7010.89,-5658.02
-7011.13,-5659.9
-7011.38,-5661.83
-7011.59,-5663.54
-7011.84,-5665.43
-7012.08,-5667.17
-7012.34,-5669.06
-7012.57,-5670.8
-7012.83,-5672.67
-7013.1,-5674.45
-7013.35,-5676.29
-7013.6,-5678.1
-7013.89,-5680.46
-7014.14,-5682.35
-7014.44,-5684.58
-7014.7,-5686.48
-7015.03,-5688.6
-7015.29,-5690.54
-7015.55,-5692.47
-7015.74,-5693.85
-7016.03,-5695.97
-7016.28,-5697.86
-7016.56,-5699.92
-7016.82,-5701.83
-7017.09,-5703.82
-7017.36,-5705.74
-7017.62,-5707.67
-7017.86,-5709.59
-7018.1,-5711.48
-7018.36,-5713.4
-7018.63,-5715.33
-7018.79,-5716.5
-7019.09,-5718.52
-7019.35,-5720.4
-7019.62,-5722.37
-7019.88,-5724.25
-7020.17,-5726.2
-7020.43,-5728.09
-7020.69,-5729.99
-7020.86,-5731.24
-7021.14,-5733.32
-7021.39,-5735.14
-7021.67,-5737.2
-7021.92,-5739.04
-7022.2,-5741.06
-7022.45,-5742.91
-7022.72,-5744.9
-7022.98,-5746.76
-7023.24,-5748.73
-7023.5,-5750.62
-7023.77,-5752.57
-7024.02,-5754.42
-7024.29,-5756.37
-7024.54,-5758.25
-7024.81,-5760.19
-7025.06,-5762.05
-7025.33,-5763.99
-7025.58,-5765.86
-7025.84,-5767.78
-7025.84,-5767.78
-7026.1,-5769.66
-7026.36,-5771.58
-7026.36,-5771.58
-7026.62,-5773.46
-7026.88,-5775.37
-7026.88,-5775.37
-7027.14,-5777.25
-7027.4,-5779.17
-7027.4,-5779.18
-7027.66,-5781.06
-7027.92,-5782.96
-7027.92,-5782.97
-7028.18,-5784.87
-7028.44,-5786.78
-7028.44,-5786.81
-7028.7,-5788.71
-7028.96,-5790.59
-7028.96,-5790.63
-7029.22,-5792.52
-7029.48,-5794.4
-7029.49,-5794.45
-7029.74,-5796.33
-7030,-5798.22
-7030.01,-5798.28
-7030.27,-5800.15
-7030.46,-5802.04
-7030.47,-5802.1
-7030.72,-5803.98
-7030.98,-5805.85
-7031.24,-5807.75
-7031.34,-5808.5
-7031.6,-5810.32
-7031.62,-5810.47
-7031.89,-5812.31
-7032.16,-5814.15
-7032.17,-5814.24
-7032.43,-5816.05
-7032.69,-5817.9
-7032.7,-5817.95
-7032.95,-5819.77
-7033.21,-5821.64
-7033.21,-5821.66
-7033.46,-5823.46
-7033.71,-5825.3
-7033.71,-5825.31
-7033.93,-5827.15
-7034.15,-5829
-7034.15,-5829.03
-7034.4,-5830.82
-7034.65,-5832.66
-7034.65,-5832.69
-7034.9,-5834.54
-7035.15,-5836.32
-7035.39,-5838.09
-7035.64,-5839.89
-7035.89,-5841.68
-7036.16,-5843.47
-7036.43,-5845.24
-7036.68,-5847.03
-7036.93,-5848.8
-7037.17,-5850.6
-7037.41,-5852.36
-7037.66,-5854.16
-7037.9,-5855.92
-7038.08,-5857.74
-7038.32,-5859.49
-7038.57,-5861.31
-7038.81,-5863.06
-7039.06,-5864.89
-7039.3,-5866.64
-7039.55,-5868.46
-7039.79,-5870.21
-7040.04,-5872.04
-7040.28,-5873.79
-7040.54,-5875.63
-7040.78,-5877.37
-7041.05,-5879.22
-7041.3,-5880.95
-7041.57,-5882.79
-7041.82,-5884.53
-7042.08,-5886.39
-7042.32,-5888.13
-7042.57,-5889.96
-7042.82,-5891.77
-7043.07,-5893.6
-7043.31,-5895.35
-7043.56,-5897.19
-7043.81,-5898.99
-7044.06,-5900.83
-7044.3,-5902.58
-7044.49,-5904.43
-7044.74,-5906.25
-7044.99,-5908.09
-7045.23,-5909.84
-7045.49,-5911.71
-7045.73,-5913.47
-7045.99,-5915.35
-7046.23,-5917.1
-7046.49,-5918.98
-7046.73,-5920.76
-7046.99,-5922.64
-7047.23,-5924.41
-7047.49,-5926.28
-7047.74,-5928.13
-7048,-5929.96
-7048.25,-5931.8
-7048.5,-5933.64
-7048.75,-5935.43
-7049,-5937.29
-7049.25,-5939.09
-7049.51,-5940.96
-7049.75,-5942.75
-7050.01,-5944.6
-7050.26,-5946.43
-7050.51,-5948.27
-7050.77,-5950.11
-7051.02,-5951.94
-7051.26,-5953.74
-7051.52,-5955.57
-7051.77,-5957.4
-7052.02,-5959.23
-7052.27,-5961.03
-7052.52,-5962.83
-7052.77,-5964.68
-7053.02,-5966.47
-7053.26,-5968.26
-7053.51,-5970.07
-7053.76,-5971.87
-7054.01,-5973.68
-7054.26,-5975.48
-7054.51,-5977.3
-7054.75,-5979.09
-7055,-5980.89
-7055.25,-5982.68
-7055.49,-5984.48
-7055.74,-5986.26
-7055.99,-5988.07
-7055.99,-5988.1
-7056.24,-5989.93
-7056.49,-5991.72
-7056.74,-5993.5
-7056.98,-5995.29
-7057.23,-5997.07
-7057.47,-5998.84
-7057.72,-6000.67
-7057.97,-6002.43
-7058.21,-6004.2
-7058.46,-6006.02
-7058.77,-6007.77
-7059.01,-6009.56
-7059.26,-6011.33
-7059.5,-6013.11
-7059.75,-6014.88
-7060,-6016.69
-7060.22,-6018.45
-7060.44,-6020.25
-7060.67,-6022.03
-7060.91,-6023.82
-7061.16,-6025.6
-7061.4,-6027.38
-7061.65,-6029.16
-7061.89,-6030.94
-7062.14,-6032.75
-7062.38,-6034.51
-7062.63,-6036.28
-7062.94,-6038.06
-7063.18,-6039.81
-7063.43,-6041.59
-7063.64,-6043.36
-7063.88,-6045.15
-7064.13,-6046.91
-7064.37,-6048.7
-7064.61,-6050.44
-7064.86,-6052.21
-7065.14,-6053.99
-7065.38,-6055.75
-7065.63,-6057.56
-7065.87,-6059.31
-7066.11,-6061.07
-7066.36,-6062.83
-7066.6,-6064.59
-7066.84,-6066.33
-7067.08,-6068.11
-7067.26,-6069.85
-7067.5,-6071.59
-7067.74,-6073.33
-7067.98,-6075.11
-7068.22,-6076.83
-7068.46,-6078.57
-7068.7,-6080.32
-7068.94,-6082.08
-7069.18,-6083.8
-7069.42,-6085.54
-7069.66,-6087.26
-7069.9,-6088.98
-7070.13,-6090.71
-7070.41,-6092.45
-7070.68,-6094.15
-7070.92,-6095.9
-7071.15,-6097.6
-7071.39,-6099.33
-7071.63,-6101.04
-7071.87,-6102.78
-7072.03,-6104.48
-7072.27,-6106.2
-7072.5,-6107.89
-7072.74,-6109.62
-7072.97,-6111.3
-7073.21,-6113.03
-7073.45,-6114.72
-7073.68,-6116.43
-7073.92,-6118.12
-7074.15,-6119.84
-7074.38,-6121.52
-7074.62,-6123.23
-7074.85,-6124.91
-7075.09,-6126.6
-7075.32,-6128.29
-7075.56,-6130
-7075.79,-6131.67
-7075.79,-6131.69
-7076.02,-6133.37
-7076.25,-6135.04
-7076.48,-6136.73
-7076.72,-6138.41
-7076.72,-6138.42
-7076.95,-6140.12
-7077.18,-6141.79
-7077.18,-6141.81
-7077.41,-6143.47
-7077.65,-6145.17
-7077.65,-6145.19
-7077.88,-6146.88
-7078.11,-6148.54
-7078.12,-6148.55
-7078.35,-6150.24
-7078.58,-6151.88
-7078.58,-6151.9
-7078.88,-6153.57
-7079.1,-6155.21
-7079.33,-6156.89
-7079.56,-6158.54
-7079.79,-6160.21
-7080.02,-6161.84
-7080.23,-6163.49
-7080.44,-6165.15
-7080.67,-6166.82
-7080.9,-6168.45
-7081.13,-6170.11
-7081.38,-6171.74
-7081.61,-6173.4
-7081.84,-6175.03
-7082.06,-6176.66
-7082.23,-6178.33
-7082.46,-6179.99
-7082.68,-6181.63
-7082.91,-6183.28
-7083.14,-6184.93
-7083.36,-6186.58
-7083.59,-6188.23
-7083.82,-6189.86
-7084.05,-6191.54
-7084.28,-6193.2
-7084.51,-6194.86
-7084.74,-6196.51
-7084.97,-6198.18
-7085.19,-6199.83
-7085.43,-6201.5
-7085.65,-6203.15
-7085.88,-6204.82
-7086.11,-6206.45
-7086.34,-6208.13
-7086.57,-6209.79
-7086.8,-6211.44
-7087.03,-6213.1
-7087.26,-6214.75
-7087.49,-6216.42
-7087.71,-6218.07
-7087.94,-6219.72
-7088.17,-6221.36
-7088.4,-6223.02
-7088.62,-6224.64
-7088.62,-6224.66
-7088.85,-6226.32
-7089.08,-6227.93
-7089.08,-6227.95
-7089.31,-6229.61
-7089.53,-6231.24
-7089.53,-6231.25
-7089.76,-6232.91
-7089.99,-6234.53
-7089.99,-6234.54
-7090.22,-6236.2
-7090.44,-6237.81
-7090.44,-6237.82
-7090.67,-6239.47
-7090.89,-6241.08
-7090.89,-6241.09
-7091.12,-6242.76
-7091.35,-6244.38
-7091.35,-6244.38
-7091.57,-6246.04
-7091.8,-6247.65
-7091.8,-6247.66
-7092.02,-6249.29
-7092.25,-6250.95
-7092.25,-6250.96
-7092.48,-6252.61
-7092.7,-6254.22
-7092.71,-6254.23
-7092.93,-6255.86
-7093.16,-6257.49
-7093.16,-6257.5
-7093.38,-6259.12
-7093.61,-6260.76
-7093.61,-6260.77
-7093.83,-6262.4
-7094.06,-6264.03
-7094.06,-6264.04
-7094.29,-6265.67
-7094.51,-6267.29
-7094.51,-6267.3
-7094.74,-6268.94
-7094.96,-6270.56
-7094.96,-6270.58
-7095.19,-6272.2
-7095.41,-6273.82
-7095.41,-6273.82
-7095.64,-6275.46
-7095.86,-6277.07
-7095.86,-6277.08
-7096.08,-6278.69
-7096.31,-6280.32
-7096.31,-6280.32
-7096.53,-6281.96
-7096.75,-6283.56
-7096.76,-6283.57
-7096.98,-6285.2
-7097.21,-6286.82
-7097.21,-6286.84
-7097.44,-6288.47
-7097.67,-6290.06
-7097.67,-6290.09
-7097.91,-6291.71
-7098.14,-6293.32
-7098.14,-6293.37
-7098.37,-6295.02
-7098.59,-6296.63
-7098.6,-6296.68
-7098.83,-6298.32
-7099.05,-6299.92
-7099.05,-6299.97
-7099.28,-6301.61
-7099.5,-6303.22
-7099.51,-6303.28
-7099.72,-6304.93
-7099.93,-6306.56
-7099.94,-6306.63
-7100.17,-6308.28
-7100.39,-6309.89
-7100.4,-6309.96
-7100.63,-6311.6
-7100.92,-6313.23
-7100.93,-6313.31
-7101.16,-6314.97
-7101.38,-6316.6
-7101.39,-6316.68
-7101.62,-6318.35
-7101.85,-6319.97
-7101.86,-6320.05
-7102.09,-6321.73
-7102.32,-6323.39
-7102.33,-6323.46
-7102.56,-6325.14
-7102.79,-6326.78
-7102.8,-6326.85
-7103.03,-6328.55
-7103.26,-6330.21
-7103.27,-6330.27
-7103.5,-6331.97
-7103.73,-6333.64
-7103.74,-6333.69
-7103.98,-6335.39
-7104.18,-6337.09
-7104.18,-6337.13
-7104.42,-6338.83
-7104.65,-6340.54
-7104.66,-6340.58
-7104.89,-6342.29
-7105.13,-6343.97
-7105.13,-6344.01
-7105.37,-6345.74
-7105.63,-6347.41
-7105.64,-6347.46
-7105.88,-6349.2
-7106.11,-6350.88
-7106.12,-6350.91
-7106.36,-6352.66
-7106.59,-6354.36
-7106.6,-6354.38
-7106.84,-6356.13
-7107.07,-6357.84
-7107.08,-6357.86
-7107.32,-6359.6
-7107.55,-6361.3
-7107.55,-6361.31
-7107.79,-6363.03
-7108.03,-6364.77
-7108.03,-6364.77
-7108.27,-6366.52
-7108.51,-6368.24
-7108.51,-6368.24
-7108.75,-6369.98
-7108.92,-6371.75
-7108.93,-6371.77
-7109.17,-6373.52
-7109.41,-6375.25
-7109.41,-6375.27
-7109.65,-6377.03
-7109.96,-6378.74
-7109.96,-6378.77
-7110.2,-6380.53
-7110.44,-6382.26
-7110.44,-6382.29
-7110.69,-6384.05
-7110.93,-6385.77
-7110.93,-6385.79
-7111.17,-6387.55
-7111.41,-6389.29
-7111.41,-6389.31
-7111.66,-6391.08
-7111.87,-6392.83
-7111.87,-6392.86
-7112.11,-6394.62
-7112.35,-6396.36
-7112.35,-6396.38
-7112.6,-6398.14
-7112.84,-6399.88
-7112.84,-6399.9
-7113.08,-6401.68
-7113.32,-6403.4
-7113.33,-6403.43
-7113.57,-6405.21
-7113.84,-6406.92
-7113.84,-6406.94
-7114.09,-6408.72
-7114.33,-6410.47
-7114.33,-6410.49
-7114.57,-6412.24
-7114.82,-6414.01
-7114.82,-6414.03
-7115.07,-6415.81
-7115.27,-6417.55
-7115.28,-6417.58
-7115.52,-6419.37
-7115.76,-6421.1
-7115.76,-6421.13
-7116.01,-6422.89
-7116.25,-6424.64
-7116.25,-6424.66
-7116.5,-6426.44
-7116.74,-6428.18
-7116.74,-6428.19
-7116.98,-6429.97
-7117.22,-6431.68
-7117.22,-6431.69
-7117.45,-6433.5
-7117.68,-6435.25
-7117.68,-6435.26
-7117.92,-6437.04
-7118.16,-6438.79
-7118.17,-6438.8
-7118.41,-6440.6
-7118.65,-6442.33
-7118.66,-6442.35
-7118.9,-6444.14
-7119.14,-6445.88
-7119.14,-6445.9
-7119.39,-6447.68
-7119.7,-6449.43
-7119.7,-6449.46
-7119.94,-6451.21
-7120.18,-6452.97
-7120.19,-6452.99
-7120.43,-6454.78
-7120.67,-6456.53
-7120.68,-6456.55
-7120.92,-6458.32
-7121.16,-6460.07
-7121.16,-6460.09
-7121.41,-6461.88
-7121.65,-6463.62
-7121.65,-6463.64
-7121.9,-6465.42
-7122.14,-6467.18
-7122.14,-6467.21
-7122.39,-6468.99
-7122.63,-6470.74
-7122.63,-6470.77
-7122.88,-6472.53
-7123.12,-6474.31
-7123.13,-6474.34
-7123.37,-6476.13
-7123.61,-6477.85
-7123.61,-6477.88
-7123.86,-6479.65
-7124.1,-6481.4
-7124.1,-6481.43
-7124.35,-6483.2
-7124.59,-6484.95
-7124.59,-6484.98
-7124.84,-6486.77
-7125.08,-6488.52
-7125.08,-6488.55
-7125.33,-6490.34
-7125.56,-6492.06
-7125.81,-6493.83
-7126.04,-6495.55
-7126.29,-6497.32
-7126.52,-6499.03
-7126.76,-6500.79
-7127,-6502.51
-7127.24,-6504.27
-7127.48,-6505.99
-7127.72,-6507.76
-7127.96,-6509.48
-7128.2,-6511.25
-7128.44,-6512.98
-7128.65,-6514.75
-7128.89,-6516.49
-7129.13,-6518.26
-7129.37,-6520
-7129.61,-6521.74
-7129.89,-6523.51
-7130.13,-6525.26
-7130.37,-6527.01
-7130.61,-6528.78
-7130.85,-6530.53
-7131.09,-6532.3
-7131.33,-6534.03
-7131.57,-6535.79
-7131.81,-6537.53
-7132.12,-6539.79
-7132.37,-6541.55
-7132.66,-6543.71
-7132.91,-6545.5
-7133.19,-6547.55
-7133.44,-6549.38
-7133.71,-6551.35
-7133.96,-6553.15
-7134.22,-6555.06
-7134.47,-6556.89
-7134.72,-6558.73
-7134.98,-6560.57
-7135.22,-6562.37
-7135.48,-6564.21
-7135.72,-6565.99
-7135.97,-6567.81
-7136.21,-6569.54
-7136.46,-6571.38
-7136.71,-6573.22
-7136.86,-6574.31
-7137.12,-6576.21
-7137.37,-6577.98
-7137.62,-6579.87
-7137.87,-6581.65
-7138.12,-6583.52
-7138.37,-6585.29
-7138.62,-6587.15
-7138.87,-6588.93
-7139.05,-6590.77
-7139.3,-6592.55
-7139.55,-6594.38
-7139.79,-6596.15
-7140.04,-6597.98
-7140.28,-6599.77
-7140.53,-6601.59
-7140.78,-6603.36
-7141.03,-6605.19
-7141.27,-6606.98
-7141.52,-6608.79
-7141.76,-6610.57
-7142.02,-6612.4
-7142.02,-6612.43
-7142.26,-6614.2
-7142.55,-6616.03
-7142.55,-6616.06
-7142.79,-6617.85
-7143.05,-6619.68
-7143.05,-6619.71
-7143.29,-6621.5
-7143.54,-6623.32
-7143.55,-6623.35
-7143.79,-6625.12
-7144.04,-6626.95
-7144.04,-6626.98
-7144.29,-6628.74
-7144.54,-6630.57
-7144.54,-6630.59
-7144.78,-6632.36
-7145.03,-6634.18
-7145.03,-6634.19
-7145.27,-6635.97
-7145.52,-6637.79
-7145.52,-6637.8
-7145.77,-6639.56
-7146.05,-6641.39
-7146.05,-6641.39
-7146.29,-6643.15
-7146.54,-6644.98
-7146.78,-6646.76
-7146.87,-6647.41
-7147.11,-6649.17
-7147.14,-6649.38
-7147.39,-6651.16
-7147.56,-6652.96
-7147.59,-6653.13
-7147.83,-6654.89
-7148.08,-6656.7
-7148.09,-6656.83
-7148.33,-6658.58
-7148.58,-6660.4
-7148.6,-6660.5
-7148.84,-6662.27
-7149.09,-6664.09
-7149.1,-6664.17
-7149.34,-6665.94
-7149.65,-6667.75
-7149.66,-6667.8
-7149.9,-6669.59
-7150.15,-6671.41
-7150.16,-6671.44
-7150.4,-6673.23
-7150.65,-6675.06
-7150.65,-6675.08
-7150.89,-6676.85
-7151.11,-6678.69
-7151.11,-6678.7
-7151.33,-6680.48
-7151.57,-6682.3
-7151.57,-6682.3
-7151.82,-6684.1
-7152.07,-6685.94
-7152.07,-6685.94
-7152.31,-6687.71
-7152.63,-6689.53
-7152.63,-6689.54
-7152.87,-6691.34
-7153.12,-6693.17
-7153.12,-6693.18
-7153.37,-6694.97
-7153.62,-6696.8
-7153.62,-6696.8
-7153.86,-6698.58
-7154.11,-6700.39
-7154.11,-6700.39
-7154.35,-6702.19
-7154.6,-6704
-7154.6,-6704
-7154.85,-6705.82
-7155.1,-6707.65
-7155.1,-6707.66
-7155.34,-6709.45
-7155.59,-6711.26
-7155.59,-6711.28
-7155.84,-6713.09
-7156.09,-6714.92
-7156.33,-6716.71
-7156.58,-6718.53
-7156.82,-6720.31
-7157.07,-6722.11
-7157.32,-6723.92
-7157.56,-6725.74
-7157.81,-6727.58
-7158.06,-6729.4
-7158.3,-6731.18
-7158.55,-6733
-7158.8,-6734.84
-7159.05,-6736.65
-7159.29,-6738.42
-7159.54,-6740.23
-7159.79,-6742.07
-7160.03,-6743.89
-7160.28,-6745.67
-7160.52,-6747.49
-7160.77,-6749.32
-7161.02,-6751.15
-7161.26,-6752.93
-7161.51,-6754.76
-7161.76,-6756.59
-7162.01,-6758.4
-7162.25,-6760.18
-7162.5,-6762.01
-7162.74,-6763.82
-7162.92,-6765.64
-7163.17,-6767.45
-7163.42,-6769.27
-7163.66,-6771.09
-7163.91,-6772.91
-7164.16,-6774.72
-7164.4,-6776.52
-7164.65,-6778.34
-7164.89,-6780.15
-7165.14,-6781.96
-7165.39,-6783.77
-7165.63,-6785.59
-7165.88,-6787.4
-7166.13,-6789.23
-7166.37,-6791.01
-7166.62,-6792.84
-7166.86,-6794.67
-7167.11,-6796.47
-7167.42,-6798.28
-7167.67,-6800.1
-7167.91,-6801.89
-7168.16,-6803.71
-7168.37,-6805.5
-7168.61,-6807.31
-7168.86,-6809.13
-7169.11,-6810.94
-7169.35,-6812.74
-7169.59,-6814.53
-7169.87,-6816.32
-7170.12,-6818.13
-7170.36,-6819.95
-7170.61,-6821.75
-7170.82,-6823.56
-7171.06,-6825.36
-7171.31,-6827.17
-7171.56,-6828.97
-7171.83,-6830.77
-7172.08,-6832.57
-7172.32,-6834.37
-7172.57,-6836.16
-7172.81,-6837.95
-7173.06,-6839.79
-7173.3,-6841.57
-7173.55,-6843.38
-7173.79,-6845.18
-7174.03,-6846.95
-7174.28,-6848.78
-7174.53,-6850.6
-7174.74,-6852.4
-7174.99,-6854.22
-7175.24,-6856.01
-7175.48,-6857.81
-7175.76,-6859.61
-7176.01,-6861.42
-7176.25,-6863.23
-7176.5,-6865.04
-7176.75,-6866.86
-7176.99,-6868.63
-7177.24,-6870.45
-7177.49,-6872.27
-7177.7,-6874.07
-7177.95,-6875.87
-7178.2,-6877.69
-7178.2,-6877.7
-7178.44,-6879.5
-7178.73,-6881.31
-7178.73,-6881.32
-7178.97,-6883.12
-7179.22,-6884.95
-7179.23,-6884.95
-7179.47,-6886.74
-7179.69,-6888.57
-7179.69,-6888.58
-7179.94,-6890.38
-7180.18,-6892.18
-7180.18,-6892.19
-7180.43,-6893.99
-7180.68,-6895.79
-7180.68,-6895.81
-7180.92,-6897.64
-7181.15,-6899.44
-7181.15,-6899.44
-7181.4,-6901.27
-7181.65,-6903.06
-7181.65,-6903.07
-7181.9,-6904.87
-7182.15,-6906.69
-7182.15,-6906.7
-7182.4,-6908.49
-7182.65,-6910.3
-7182.65,-6910.32
-7182.9,-6912.15
-7183.15,-6913.93
-7183.15,-6913.95
-7183.4,-6915.77
-7183.65,-6917.57
-7183.65,-6917.59
-7183.91,-6919.41
-7184.16,-6921.21
-7184.16,-6921.23
-7184.41,-6923.04
-7184.66,-6924.86
-7184.67,-6924.88
-7184.92,-6926.7
-7185.17,-6928.52
-7185.17,-6928.55
-7185.44,-6930.38
-7185.71,-6932.19
-7185.72,-6932.2
-7185.99,-6934.04
-7186.26,-6935.88
-7186.26,-6935.88
-7186.51,-6937.67
-7186.77,-6939.5
-7186.77,-6939.51
-7187.03,-6941.35
-7187.21,-6943.16
-7187.21,-6943.17
-7187.47,-6945.01
-7187.73,-6946.85
-7187.73,-6946.86
-7187.99,-6948.7
-7188.24,-6950.52
-7188.24,-6950.53
-7188.5,-6952.39
-7188.76,-6954.2
-7188.76,-6954.21
-7189.02,-6956.04
-7189.27,-6957.87
-7189.27,-6957.88
-7189.53,-6959.71
-7189.79,-6961.52
-7189.79,-6961.54
-7190.05,-6963.39
-7190.3,-6965.19
-7190.31,-6965.22
-7190.57,-6967.07
-7190.82,-6968.87
-7190.83,-6968.9
-7191.08,-6970.72
-7191.34,-6972.54
-7191.35,-6972.58
-7191.6,-6974.39
-7191.86,-6976.21
-7191.87,-6976.25
-7192.12,-6978.06
-7192.38,-6979.87
-7192.39,-6979.91
-7192.65,-6981.73
-7192.9,-6983.54
-7192.91,-6983.57
-7193.17,-6985.42
-7193.49,-6987.19
-7193.5,-6987.25
-7193.76,-6989.07
-7194.02,-6990.87
-7194.02,-6990.93
-7194.28,-6992.74
-7194.54,-6994.52
-7194.55,-6994.59
-7194.8,-6996.37
-7195,-6998.19
-7195.01,-6998.25
-7195.26,-7000.03
-7195.52,-7001.82
-7195.53,-7001.88
-7195.78,-7003.68
-7196.04,-7005.47
-7196.05,-7005.52
-7196.31,-7007.3
-7196.56,-7009.07
-7196.57,-7009.12
-7196.83,-7010.9
-7197.08,-7012.68
-7197.09,-7012.72
-7197.35,-7014.5
-7197.61,-7016.29
-7197.61,-7016.35
-7197.87,-7018.13
-7198.13,-7019.88
-7198.13,-7019.93
-7198.39,-7021.69
-7198.64,-7023.45
-7198.65,-7023.49
-7198.91,-7025.28
-7199.16,-7027.01
-7199.17,-7027.05
-7199.43,-7028.83
-7199.68,-7030.56
-7199.68,-7030.58
-7199.94,-7032.33
-7200.19,-7034.08
-7200.2,-7034.09
-7200.45,-7035.83
-7200.71,-7037.57
-7200.71,-7037.57
-7200.96,-7039.33
-7201.21,-7041.01
-7201.21,-7041.03
-7201.48,-7042.82
-7201.73,-7044.53
-7201.73,-7044.54
-7202,-7046.29
-7202.28,-7048
-7202.28,-7048.02
-7202.56,-7049.74
-7202.82,-7051.47
-7202.83,-7051.49
-7203.08,-7053.23
-7203.34,-7054.94
-7203.34,-7054.96
-7203.6,-7056.69
-7203.85,-7058.41
-7203.86,-7058.43
-7204.11,-7060.14
-7204.37,-7061.9
-7204.63,-7063.65
-7204.83,-7065.38
-7205.09,-7067.11
-7205.34,-7068.83
-7205.61,-7070.58
-7205.87,-7072.3
-7206.13,-7074.04
-7206.39,-7075.77
-7206.65,-7077.5
-7206.92,-7079.24
-7207.18,-7080.98
-7207.44,-7082.7
-7207.7,-7084.42
-7207.96,-7086.14
-7208.23,-7087.87
-7208.49,-7089.59
-7208.76,-7091.32
-7209.02,-7093.03
-7209.29,-7094.76
-7209.55,-7096.47
-7209.82,-7098.18
-7210.08,-7099.91
-7210.36,-7101.67
-7210.62,-7103.34
-7210.89,-7105.08
-7211.15,-7106.77
-7211.42,-7108.49
-7211.68,-7110.19
-7211.95,-7111.88
-7212.22,-7113.6
-7212.49,-7115.31
-7212.76,-7117.01
-7213.03,-7118.73
-7213.3,-7120.41
-7213.57,-7122.13
-7213.84,-7123.82
-7214.11,-7125.53
-7214.38,-7127.21
-7214.65,-7128.92
-7214.92,-7130.6
-7215.19,-7132.27
-7215.47,-7133.97
-7215.74,-7135.68
-7216.01,-7137.34
-7216.02,-7137.35
-7216.29,-7139.05
-7216.56,-7140.72
-7216.56,-7140.73
-7216.84,-7142.4
-7217.11,-7144.09
-7217.11,-7144.09
-7217.39,-7145.79
-7217.67,-7147.45
-7217.67,-7147.46
-7217.95,-7149.15
-7218.22,-7150.81
-7218.22,-7150.82
-7218.5,-7152.5
-7218.78,-7154.16
-7218.78,-7154.16
-7219.06,-7155.84
-7219.33,-7157.5
-7219.33,-7157.51
-7219.61,-7159.19
-7219.89,-7160.83
-7219.89,-7160.84
-7220.17,-7162.52
-7220.45,-7164.18
-7220.45,-7164.18
-7220.74,-7165.84
-7221.02,-7167.51
-7221.02,-7167.51
-7221.3,-7169.17
-7221.58,-7170.83
-7221.58,-7170.83
-7221.87,-7172.51
-7222.18,-7174.14
-7222.18,-7174.14
-7222.47,-7175.79
-7222.75,-7177.46
-7222.76,-7177.47
-7223.04,-7179.1
-7223.32,-7180.74
-7223.32,-7180.75
-7223.61,-7182.41
-7223.89,-7184.03
-7223.89,-7184.03
-7224.15,-7185.7
-7224.4,-7187.32
-7224.4,-7187.32
-7224.69,-7188.96
-7224.98,-7190.6
-7224.98,-7190.61
-7225.26,-7192.24
-7225.56,-7193.88
-7225.56,-7193.89
-7225.88,-7195.5
-7226.2,-7197.14
-7226.21,-7197.16
-7226.5,-7198.8
-7226.78,-7200.41
-7226.79,-7200.44
-7227.08,-7202.08
-7227.37,-7203.7
-7227.38,-7203.74
-7227.67,-7205.36
-7227.96,-7207.01
-7227.97,-7207.06
-7228.26,-7208.68
-7228.55,-7210.33
-7228.56,-7210.39
-7228.85,-7212.03
-7229.14,-7213.66
-7229.15,-7213.72
-7229.45,-7215.36
-7229.75,-7216.99
-7229.76,-7217.05
-7230.07,-7218.69
-7230.37,-7220.33
-7230.38,-7220.41
-7230.68,-7222.04
-7230.99,-7223.7
-7231.01,-7223.78
-7231.31,-7225.44
-7231.62,-7227.08
-7231.63,-7227.16
-7231.94,-7228.82
-7232.25,-7230.47
-7232.27,-7230.56
-7232.58,-7232.23
-7232.89,-7233.89
-7232.91,-7233.97
-7233.23,-7235.66
-7233.33,-7236.21
-7233.65,-7237.88
-7233.97,-7239.59
-7234.05,-7240
-7234.38,-7241.75
-7234.72,-7243.49
-7234.77,-7243.78
-7235.11,-7245.57
-7235.46,-7247.35
-7235.8,-7249.12
-7235.88,-7249.58
-7236.22,-7251.31
-7236.56,-7253.1
-7236.62,-7253.4
-7236.97,-7255.17
-7237.03,-7255.49
-7237.36,-7257.21
-7237.71,-7258.99
-7238.05,-7260.74
-7238.13,-7261.1
-7238.47,-7262.84
-7238.53,-7263.15
-7238.88,-7264.92
-7239.22,-7266.68
-7239.57,-7268.44
-7239.65,-7268.83
-7239.99,-7270.57
-7240.05,-7270.87
-7240.41,-7272.64
-7240.77,-7274.44
-7240.8,-7274.63
-7241.15,-7276.37
-7241.52,-7278.18
-7241.54,-7278.29
-7241.9,-7280.06
-7242.26,-7281.89
-7242.27,-7281.93
-7242.63,-7283.71
-7243,-7285.54
-7243.37,-7287.33
-7243.51,-7288
-7243.9,-7289.96
-7244.26,-7291.7
-7244.63,-7293.48
-7244.65,-7293.58
-7245.01,-7295.37
-7245.39,-7297.17
-7245.39,-7297.21
-7245.77,-7299.04
-7246.14,-7300.83
-7246.14,-7300.83
-7246.51,-7302.6
-7246.89,-7304.43
-7246.9,-7304.46
-7247.27,-7306.25
-7247.72,-7308.08
-7247.73,-7308.14
-7248.11,-7309.92
-7248.48,-7311.72
-7248.5,-7311.78
-7248.88,-7313.61
-7249.27,-7315.43
-7249.28,-7315.52
-7249.66,-7317.31
-7250.05,-7319.12
-7250.07,-7319.21
-7250.44,-7320.99
-7250.83,-7322.81
-7250.85,-7322.89
-7251.23,-7324.68
-7251.62,-7326.51
-7251.64,-7326.6
-7252.02,-7328.36
-7252.35,-7330.2
-7252.36,-7330.28
-7252.74,-7332.05
-7253.14,-7333.87
-7253.15,-7333.96
-7253.54,-7335.72
-7253.99,-7337.52
-7254.01,-7337.59
-7254.39,-7339.34
-7254.78,-7341.14
-7254.79,-7341.2
-7255.17,-7342.95
-7255.57,-7344.75
-7255.58,-7344.81
-7255.96,-7346.56
-7256.36,-7348.36
-7256.37,-7348.41
-7256.75,-7350.16
-7257.14,-7351.93
-7257.15,-7351.97
-7257.54,-7353.74
-7257.94,-7355.53
-7257.95,-7355.58
-7258.33,-7357.32
-7258.67,-7359.14
-7258.68,-7359.18
-7259.06,-7360.91
-7259.45,-7362.68
-7259.46,-7362.72
-7259.86,-7364.5
-7260.25,-7366.27
-7260.26,-7366.31
-7260.65,-7368.05
-7261.05,-7369.84
-7261.06,-7369.88
-7261.45,-7371.61
-7261.85,-7373.4
-7261.86,-7373.45
-7262.26,-7375.18
-7262.65,-7376.95
-7262.66,-7377
-7263.05,-7378.71
-7263.45,-7380.48
-7263.46,-7380.52
-7263.85,-7382.24
-7264.25,-7384.01
-7264.26,-7384.05
-7264.65,-7385.76
-7265.05,-7387.52
-7265.06,-7387.56
-7265.45,-7389.26
-7265.85,-7391.03
-7265.86,-7391.07
-7266.26,-7392.78
-7266.66,-7394.54
-7267.05,-7396.25
-7267.21,-7396.93
-7267.6,-7398.62
-7267.63,-7398.78
-7268.03,-7400.49
-7268.42,-7402.18
-7268.45,-7402.3
-7268.83,-7403.96
-7269.23,-7405.68
-7269.25,-7405.75
-7269.63,-7407.42
-7270.03,-7409.13
-7270.04,-7409.18
-7270.44,-7410.88
-7270.84,-7412.6
-7270.84,-7412.62
-7271.23,-7414.29
-7271.63,-7416.01
-7271.63,-7416.01
-7272.03,-7417.71
-7272.43,-7419.4
-7272.43,-7419.42
-7272.83,-7421.13
-7273.23,-7422.82
-7273.24,-7422.85
-7273.63,-7424.52
-7274.03,-7426.23
-7274.04,-7426.27
-7274.43,-7427.94
-7274.84,-7429.63
-7274.84,-7429.67
-7275.23,-7431.32
-7275.63,-7432.99
-7275.64,-7433.01
-7276.04,-7434.71
-7276.43,-7436.38
-7276.44,-7436.4
-7276.83,-7438.05
-7277.23,-7439.74
-7277.23,-7439.75
-7277.62,-7441.38
-7278.02,-7443.07
-7278.03,-7443.08
-7278.41,-7444.69
-7278.82,-7446.38
-7278.82,-7446.39
-7279.22,-7448.07
-7279.62,-7449.72
-7279.62,-7449.74
-7280.01,-7451.38
-7280.42,-7453.05
-7280.42,-7453.08
-7280.82,-7454.71
-7281.22,-7456.39
-7281.23,-7456.43
-7281.62,-7458.05
-7282.02,-7459.72
-7282.04,-7459.77
-7282.43,-7461.41
-7282.83,-7463.07
-7282.85,-7463.13
-7283.25,-7464.78
-7283.65,-7466.45
-7283.66,-7466.5
-7284.06,-7468.13
-7284.47,-7469.82
-7284.48,-7469.87
-7284.88,-7471.49
-7285.29,-7473.17
-7285.3,-7473.23
-7285.7,-7474.87
-7286.11,-7476.55
-7286.12,-7476.6
-7286.52,-7478.25
-7286.93,-7479.92
-7286.94,-7479.97
-7287.34,-7481.61
-7287.76,-7483.3
-7287.77,-7483.35
-7288.17,-7484.99
-7288.65,-7486.67
-7288.66,-7486.71
-7289.07,-7488.35
-7289.48,-7490.03
-7289.49,-7490.07
-7289.9,-7491.73
-7290.31,-7493.42
-7290.32,-7493.45
-7290.73,-7495.1
-7291.15,-7496.79
-7291.15,-7496.82
-7291.56,-7498.47
-7291.98,-7500.16
-7291.99,-7500.19
-7292.41,-7501.88
-7292.82,-7503.54
-7292.82,-7503.57
-7293.24,-7505.24
-7293.65,-7506.92
-7293.66,-7506.94
-7294.08,-7508.65
-7294.5,-7510.33
-7294.51,-7510.34
-7294.92,-7512.01
-7295.34,-7513.71
-7295.35,-7513.72
-7295.73,-7515.38
-7296.11,-7517.06
-7296.12,-7517.09
-7296.55,-7518.81
-7296.97,-7520.5
-7296.97,-7520.51
-7297.39,-7522.2
-7297.81,-7523.87
-7297.81,-7523.87
-7298.24,-7525.56
-7298.66,-7527.24
-7298.66,-7527.25
-7299.08,-7528.94
-7299.51,-7530.64
-7299.51,-7530.64
-7299.93,-7532.3
-7300.35,-7533.99
-7300.36,-7534
-7300.78,-7535.67
-7301.2,-7537.36
-7301.2,-7537.37
-7301.63,-7539.06
-7302.05,-7540.73
-7302.05,-7540.74
-7302.48,-7542.44
-7302.97,-7544.11
-7302.98,-7544.13
-7303.4,-7545.79
-7303.82,-7547.47
-7303.83,-7547.49
-7304.26,-7549.2
-7304.68,-7550.87
-7304.69,-7550.88
-7305.12,-7552.59
-7305.55,-7554.28
-7305.55,-7554.29
-7305.97,-7555.95
-7306.41,-7557.68
-7306.41,-7557.7
-7306.84,-7559.38
-7307.27,-7561.08
-7307.28,-7561.1
-7307.71,-7562.79
-7308.14,-7564.49
-7308.15,-7564.51
-7308.58,-7566.19
-7309.01,-7567.88
-7309.01,-7567.91
-7309.45,-7569.63
-7309.88,-7571.31
-7309.89,-7571.34
-7310.33,-7573.05
-7310.76,-7574.75
-7310.77,-7574.78
-7311.21,-7576.5
-7311.64,-7578.2
-7311.65,-7578.22
-7312.08,-7579.92
-7312.46,-7581.65
-7312.46,-7581.67
-7312.9,-7583.37
-7313.34,-7585.09
-7313.34,-7585.11
-7313.78,-7586.81
-7314.22,-7588.53
-7314.22,-7588.54
-7314.67,-7590.27
-7315.11,-7592
-7315.11,-7592.01
-7315.55,-7593.7
-7315.99,-7595.43
-7316,-7595.43
-7316.44,-7597.15
-7316.88,-7598.87
-7316.88,-7598.88
-7317.33,-7600.6
-7317.77,-7602.33
-7317.77,-7602.33
-7318.21,-7604.05
-7318.66,-7605.77
-7318.66,-7605.77
-7319.11,-7607.52
-7319.55,-7609.23
-7319.55,-7609.24
-7320,-7610.98
-7320.45,-7612.7
-7320.45,-7612.72
-7320.89,-7614.43
-7321.34,-7616.15
-7321.34,-7616.17
-7321.79,-7617.91
-7322.24,-7619.64
-7322.25,-7619.67
-7322.7,-7621.4
-7323.14,-7623.12
-7323.15,-7623.15
-7323.6,-7624.87
-7324.04,-7626.59
-7324.05,-7626.63
-7324.49,-7628.34
-7324.94,-7630.06
-7324.95,-7630.1
-7325.39,-7631.81
-7325.84,-7633.53
-7325.85,-7633.56
-7326.3,-7635.3
-7326.81,-7637
-7326.82,-7637.02
-7327.26,-7638.74
-7327.71,-7640.46
-7327.72,-7640.49
-7328.16,-7642.21
-7328.61,-7643.92
-7328.62,-7643.95
-7329.06,-7645.66
-7329.51,-7647.38
-7329.51,-7647.4
-7329.97,-7649.14
-7330.41,-7650.84
-7330.41,-7650.86
-7330.86,-7652.58
-7331.24,-7654.29
-7331.24,-7654.31
-7331.69,-7656.02
-7332.13,-7657.73
-7332.14,-7657.75
-7332.59,-7659.48
-7333.03,-7661.17
-7333.03,-7661.19
-7333.48,-7662.91
-7333.92,-7664.59
-7333.92,-7664.6
-7334.37,-7666.32
-7334.82,-7668.02
-7334.82,-7668.04
-7335.27,-7669.77
-7335.71,-7671.45
-7335.72,-7671.47
-7336.16,-7673.17
-7336.6,-7674.87
-7336.61,-7674.89
-7337.05,-7676.59
-7337.49,-7678.28
-7337.49,-7678.29
-7337.94,-7680
-7338.38,-7681.68
-7338.38,-7681.69
-7338.83,-7683.39
-7339.27,-7685.08
-7339.27,-7685.09
-7339.71,-7686.78
-7340.16,-7688.48
-7340.16,-7688.49
-7340.6,-7690.18
-7341.04,-7691.87
-7341.04,-7691.88
-7341.49,-7693.59
-7341.93,-7695.27
-7341.93,-7695.28
-7342.38,-7696.98
-7342.82,-7698.67
-7342.82,-7698.68
-7343.26,-7700.36
-7343.7,-7702.06
-7343.71,-7702.07
-7344.15,-7703.77
-7344.59,-7705.46
-7344.6,-7705.47
-7345.04,-7707.18
-7345.48,-7708.84
-7345.48,-7708.85
-7345.93,-7710.56
-7346.36,-7712.23
-7346.36,-7712.24
-7346.81,-7713.95
-7347.25,-7715.62
-7347.25,-7715.64
-7347.7,-7717.35
-7348.14,-7719.02
-7348.14,-7719.04
-7348.58,-7720.71
-7349.02,-7722.39
-7349.02,-7722.4
-7349.46,-7724.07
-7349.9,-7725.75
-7349.9,-7725.76
-7350.34,-7727.44
-7350.78,-7729.12
-7350.78,-7729.12
-7351.22,-7730.81
-7351.65,-7732.47
-7351.65,-7732.48
-7352.09,-7734.17
-7352.53,-7735.83
-7352.53,-7735.84
-7352.97,-7737.52
-7353.41,-7739.19
-7353.41,-7739.2
-7353.85,-7740.88
-7354.28,-7742.54
-7354.29,-7742.55
-7354.73,-7744.25
-7355.16,-7745.9
-7355.16,-7745.91
-7355.6,-7747.57
-7356.07,-7749.24
-7356.07,-7749.25
-7356.51,-7750.93
-7356.94,-7752.59
-7356.95,-7752.6
-7357.38,-7754.27
-7357.82,-7755.94
-7357.82,-7755.95
-7358.26,-7757.62
-7358.7,-7759.29
-7358.7,-7759.3
-7359.12,-7760.97
-7359.54,-7762.65
-7359.54,-7762.65
-7359.98,-7764.35
-7360.42,-7766
-7360.42,-7766.01
-7360.86,-7767.7
-7361.29,-7769.36
-7361.29,-7769.37
-7361.73,-7771.04
-7362.16,-7772.68
-7362.16,-7772.69
-7362.61,-7774.38
-7363.04,-7776.03
-7363.04,-7776.04
-7363.48,-7777.73
-7363.91,-7779.37
-7363.91,-7779.38
-7364.35,-7781.05
-7364.79,-7782.74
-7364.79,-7782.75
-7365.24,-7784.44
-7365.67,-7786.09
-7365.67,-7786.11
-7366.11,-7787.77
-7366.54,-7789.44
-7366.55,-7789.46
-7366.99,-7791.15
-7367.42,-7792.79
-7367.43,-7792.82
-7367.87,-7794.51
-7368.3,-7796.18
-7368.31,-7796.2
-7368.75,-7797.89
-7369.18,-7799.54
-7369.19,-7799.58
-7369.64,-7801.28
-7370.07,-7802.93
-7370.08,-7802.96
-7370.52,-7804.65
-7370.96,-7806.34
-7370.97,-7806.36
-7371.4,-7808.02
-7371.85,-7809.72
-7371.85,-7809.74
-7372.3,-7811.44
-7372.73,-7813.12
-7372.74,-7813.13
-7373.18,-7814.82
-7373.62,-7816.51
-7373.62,-7816.52
-7374.07,-7818.24
-7374.51,-7819.9
-7374.51,-7819.91
-7374.95,-7821.62
-7375.39,-7823.28
-7375.39,-7823.29
-7375.84,-7825.01
-7376.28,-7826.68
-7376.28,-7826.68
-7376.72,-7828.39
-7377.16,-7830.05
-7377.17,-7830.08
-7377.61,-7831.78
-7378.05,-7833.46
-7378.07,-7833.52
-7378.51,-7835.2
-7378.95,-7836.9
-7378.97,-7836.97
-7379.41,-7838.67
-7379.85,-7840.32
-7379.85,-7840.36
-7380.3,-7842.05
-7380.73,-7843.7
-7380.75,-7843.78
-7381.2,-7845.49
-7381.63,-7847.14
-7381.66,-7847.25
-7382.1,-7848.94
-7382.54,-7850.61
-7382.55,-7850.68
-7382.99,-7852.37
-7383.43,-7854.05
-7383.45,-7854.12
-7383.9,-7855.83
-7384.34,-7857.52
-7384.36,-7857.57
-7384.8,-7859.28
-7385.24,-7860.95
-7385.25,-7860.99
-7385.7,-7862.71
-7386.14,-7864.39
-7386.15,-7864.42
-7386.6,-7866.14
-7387.04,-7867.83
-7387.04,-7867.85
-7387.49,-7869.56
-7387.94,-7871.27
-7387.94,-7871.28
-7388.39,-7872.99
-7388.83,-7874.69
-7388.83,-7874.7
-7389.28,-7876.43
-7389.73,-7878.12
-7389.73,-7878.14
-7390.19,-7879.87
-7390.63,-7881.56
-7390.64,-7881.6
-7391.08,-7883.31
-7391.53,-7885.03
-7391.55,-7885.08
-7392,-7886.8
-7392.44,-7888.52
-7392.45,-7888.56
-7392.91,-7890.28
-7393.35,-7891.97
-7393.36,-7892.01
-7393.81,-7893.74
-7394.25,-7895.43
-7394.26,-7895.48
-7394.72,-7897.22
-7395.16,-7898.9
-7395.17,-7898.92
-7395.61,-7900.64
-7396.06,-7902.34
-7396.07,-7902.39
-7396.52,-7904.12
-7396.96,-7905.8
-7396.97,-7905.83
-7397.42,-7907.55
-7397.86,-7909.23
-7397.87,-7909.25
-7398.31,-7910.96
-7398.76,-7912.66
-7398.76,-7912.69
-7399.22,-7914.44
-7399.65,-7916.09
-7399.66,-7916.11
-7400.11,-7917.83
-7400.55,-7919.53
-7400.56,-7919.56
-7401.01,-7921.27
-7401.45,-7922.97
-7401.45,-7922.98
-7401.9,-7924.7
-7402.34,-7926.37
-7402.34,-7926.38
-7402.79,-7928.09
-7403.23,-7929.77
-7403.23,-7929.78
-7403.68,-7931.49
-7404.12,-7933.17
-7404.12,-7933.18
-7404.57,-7934.9
-7405,-7936.57
-7405.01,-7936.58
-7405.46,-7938.29
-7405.9,-7939.98
-7405.9,-7940
-7406.35,-7941.71
-7406.79,-7943.39
-7406.79,-7943.4
-7407.25,-7945.11
-7407.71,-7946.79
-7407.71,-7946.81
-7408.16,-7948.52
-7408.6,-7950.2
-7408.61,-7950.23
-7409.05,-7951.93
-7409.49,-7953.61
-7409.49,-7953.62
-7409.93,-7955.34
-7410.35,-7957.02
-7410.35,-7957.03
-7410.8,-7958.73
-7411.23,-7960.4
-7411.24,-7960.41
-7411.68,-7962.12
-7412.18,-7963.77
-7412.19,-7963.79
-7412.63,-7965.5
-7413.07,-7967.18
-7413.07,-7967.19
-7413.52,-7968.9
-7413.93,-7970.58
-7413.93,-7970.59
-7414.37,-7972.28
-7414.81,-7973.96
-7414.81,-7973.97
-7415.26,-7975.67
-7415.66,-7977.36
-7415.66,-7977.37
-7416.11,-7979.08
-7416.56,-7980.78
-7416.56,-7980.8
-7417,-7982.47
-7417.44,-7984.14
-7417.44,-7984.14
-7417.88,-7985.86
-7418.32,-7987.52
-7418.32,-7987.53
-7418.77,-7989.24
-7419.21,-7990.92
-7419.21,-7990.93
-7419.65,-7992.62
-7420.15,-7994.28
-7420.16,-7994.3
-7420.59,-7995.98
-7421.04,-7997.67
-7421.04,-7997.69
-7421.48,-7999.36
-7421.92,-8001.06
-7421.93,-8001.07
-7422.37,-8002.77
-7422.8,-8004.42
-7422.8,-8004.43
-7423.25,-8006.13
-7423.68,-8007.8
-7423.69,-8007.81
-7424.13,-8009.51
-7424.57,-8011.18
-7424.57,-8011.2
-7425.01,-8012.9
-7425.44,-8014.54
-7425.99,-8016.7
-7426.41,-8018.38
-7426.94,-8020.42
-7427.4,-8022.16
-7427.91,-8024.1
-7428.39,-8025.83
-7428.88,-8027.69
-7429.33,-8029.42
-7429.79,-8031.2
-7430.25,-8032.93
-7430.69,-8034.65
-7431.14,-8036.37
-7431.52,-8038.07
-7431.97,-8039.8
-7432.44,-8041.58
-7432.89,-8043.32
-7433.1,-8044.12
-7433.56,-8045.89
-7434,-8047.57
-7434.45,-8049.31
-7434.75,-8050.45
-7435.22,-8052.27
-7435.72,-8053.9
-7436.19,-8055.68
-7436.63,-8057.37
-7437.08,-8059.11
-7437.51,-8060.77
-7437.96,-8062.47
-7438.4,-8064.16
-7438.84,-8065.84
-7439.27,-8067.5
-7439.71,-8069.18
-7439.71,-8069.21
-7440.15,-8070.91
-7440.56,-8072.56
-7440.97,-8074.17
-7441.39,-8075.86
-7441.81,-8077.5
-7442.24,-8079.14
-7442.66,-8080.77
-7443.09,-8082.4
-7443.51,-8084.03
-7443.95,-8085.71
-7444.21,-8086.7
-7444.68,-8088.49
-7445.09,-8090.08
-7445.55,-8091.84
-7445.96,-8093.43
-7446.42,-8095.17
-7446.84,-8096.77
-7447.26,-8098.41
-7447.28,-8098.48
-7447.7,-8100.08
-7448.13,-8101.73
-7448.15,-8101.79
-7448.56,-8103.39
-7449,-8105.08
-7449.42,-8106.69
-7449.85,-8108.32
-7450.13,-8109.41
-7450.6,-8111.2
-7451.01,-8112.77
-7451.48,-8114.57
-7451.89,-8116.16
-7452.34,-8117.89
-7452.76,-8119.49
-7453.21,-8121.22
-7453.64,-8122.86
-7454.08,-8124.56
-7454.5,-8126.15
-7454.94,-8127.85
-7455.36,-8129.45
-7455.79,-8131.11
-7456.21,-8132.73
-7456.64,-8134.35
-7456.64,-8134.38
-7457.07,-8136.01
-7457.5,-8137.68
-7457.92,-8139.28
-7458.35,-8140.93
-7458.78,-8142.58
-7459.21,-8144.22
-7459.62,-8145.82
-7460.06,-8147.5
-7460.48,-8149.11
-7460.92,-8150.78
-7461.33,-8152.38
-7461.77,-8154.06
-7462.19,-8155.67
-7462.63,-8157.35
-7463.05,-8158.96
-7463.48,-8160.6
-7463.49,-8160.66
-7463.92,-8162.3
-7464.36,-8164.01
-7464.79,-8165.64
-7465.24,-8167.36
-7465.66,-8169
-7466.11,-8170.73
-7466.53,-8172.35
-7466.98,-8174.07
-7467.42,-8175.74
-7467.87,-8177.47
-7468.3,-8179.11
-7468.75,-8180.85
-7469.18,-8182.51
-7469.64,-8184.27
-7470.08,-8185.96
-7470.53,-8187.71
-7470.96,-8189.35
-7471.43,-8191.13
-7471.86,-8192.81
-7472.32,-8194.58
-7472.76,-8196.24
-7473.22,-8198.01
-7473.66,-8199.71
-7474.12,-8201.49
-7474.57,-8203.22
-7475.03,-8204.99
-7475.47,-8206.68
-7475.94,-8208.46
-7476.38,-8210.17
-7476.84,-8211.95
-7477.29,-8213.68
-7477.76,-8215.46
-7478.21,-8217.2
-7478.68,-8219.02
-7479.13,-8220.73
-7479.6,-8222.54
-7480.04,-8224.24
-7480.52,-8226.08
-7480.97,-8227.82
-7481.44,-8229.63
-7481.89,-8231.36
-7482.36,-8233.15
-7482.82,-8234.93
-7483.28,-8236.71
-7483.73,-8238.45
-7484.2,-8240.25
-7484.66,-8242
-7485.13,-8243.81
-7485.59,-8245.59
-7486.06,-8247.38
-7486.52,-8249.14
-7486.99,-8250.96
-7486.99,-8250.97
-7487.46,-8252.8
-7487.93,-8254.59
-7488.39,-8256.36
-7488.87,-8258.19
-7489.33,-8259.97
-7489.8,-8261.79
-7490.27,-8263.58
-7490.73,-8265.38
-7491.21,-8267.2
-7491.68,-8269.01
-7492.14,-8270.8
-7492.62,-8272.62
-7493.09,-8274.44
-7493.56,-8276.26
-7494.03,-8278.08
-7494.5,-8279.9
-7494.98,-8281.73
-7495.45,-8283.54
-7495.93,-8285.39
-7496.41,-8287.22
-7496.88,-8289.04
-7497.35,-8290.85
-7497.82,-8292.67
-7498.3,-8294.5
-7498.78,-8296.35
-7499.24,-8298.15
-7499.72,-8299.98
-7500.2,-8301.82
-7500.68,-8303.68
-7501.15,-8305.5
-7501.63,-8307.34
-7502.1,-8309.16
-7502.58,-8311.01
-7503.05,-8312.83
-7503.53,-8314.67
-7504.01,-8316.51
-7504.49,-8318.39
-7504.96,-8320.19
-7505.45,-8322.05
-7505.92,-8323.87
-7506.41,-8325.76
-7506.88,-8327.57
-7507.36,-8329.42
-7507.83,-8331.26
-7508.31,-8333.11
-7508.79,-8334.94
-7509.27,-8336.81
-7509.75,-8338.64
-7510.23,-8340.51
-7510.7,-8342.32
-7511.18,-8344.18
-7511.66,-8346.02
-7512.15,-8347.9
-7512.62,-8349.72
-7513.1,-8351.58
-7513.58,-8353.43
-7514.07,-8355.32
-7514.54,-8357.16
-7515.03,-8359.02
-7515.5,-8360.86
-7516.02,-8362.72
-7516.49,-8364.55
-7516.98,-8366.42
-7517.45,-8368.26
-7517.94,-8370.12
-7518.41,-8371.96
-7518.9,-8373.85
-7519.38,-8375.68
-7519.86,-8377.56
-7520.34,-8379.39
-7520.82,-8381.26
-7521.3,-8383.12
-7521.79,-8385.01
-7522.26,-8386.85
-7522.73,-8388.72
-7523.2,-8390.58
-7523.67,-8392.45
-7524.14,-8394.32
-7524.62,-8396.22
-7525.1,-8398.09
-7525.11,-8398.1
-7525.6,-8399.99
-7526.07,-8401.84
-7526.08,-8401.84
-7526.56,-8403.7
-7527.08,-8405.6
-7527.08,-8405.61
-7527.56,-8407.45
-7528.05,-8409.33
-7528.54,-8411.24
-7529.02,-8413.11
-7529.55,-8415
-7530.03,-8416.87
-7530.52,-8418.77
-7531,-8420.64
-7531.49,-8422.5
-7531.97,-8424.38
-7532.46,-8426.27
-7532.94,-8428.14
-7533.4,-8430.05
-7533.88,-8431.9
-7534.37,-8433.81
-7534.85,-8435.67
-7535.34,-8437.57
-7535.82,-8439.43
-7536.31,-8441.32
-7536.8,-8443.19
-7537.29,-8445.1
-7537.77,-8446.95
-7538.26,-8448.86
-7538.74,-8450.71
-7539.23,-8452.61
-7539.71,-8454.47
-7540.2,-8456.38
-7540.68,-8458.24
-7541.17,-8460.12
-7541.65,-8462
-7542.14,-8463.91
-7542.62,-8465.76
-7543.11,-8467.68
-7543.59,-8469.52
-7544.08,-8471.43
-7544.56,-8473.3
-7545.05,-8475.2
-7545.53,-8477.06
-7546.02,-8478.97
-7546.5,-8480.81
-7546.99,-8482.72
-7547.47,-8484.57
-7547.96,-8486.47
-7548.44,-8488.34
-7548.93,-8490.23
-7549.41,-8492.1
-7549.9,-8494
-7550.39,-8495.88
-7550.87,-8497.75
-7551.34,-8499.61
-7551.84,-8501.52
-7552.32,-8503.38
-7552.81,-8505.3
-7553.29,-8507.16
-7553.78,-8509.06
-7554.26,-8510.92
-7554.75,-8512.82
-7555.23,-8514.68
-7555.72,-8516.59
-7556.19,-8518.44
-7556.68,-8520.34
-7557.16,-8522.21
-7557.64,-8524.08
-7558.13,-8525.95
-7558.62,-8527.85
-7559.09,-8529.71
-7559.62,-8531.61
-7560.09,-8533.47
-7560.58,-8535.37
-7561.07,-8537.25
-7561.56,-8539.16
-7562.03,-8541.02
-7562.52,-8542.89
-7563.01,-8544.79
-7563.49,-8546.67
-7563.97,-8548.56
-7564.46,-8550.46
-7564.95,-8552.35
-7565.43,-8554.23
-7565.92,-8556.13
-7566.4,-8558.01
-7566.89,-8559.91
-7567.38,-8561.82
-7567.86,-8563.69
-7568.35,-8565.6
-7568.83,-8567.48
-7569.29,-8569.39
-7569.78,-8571.28
-7570.27,-8573.2
-7570.75,-8575.06
-7571.23,-8576.95
-7571.72,-8578.84
-7572.21,-8580.77
-7572.69,-8582.62
-7573.18,-8584.53
-7573.66,-8586.42
-7574.15,-8588.32
-7574.63,-8590.22
-7575.13,-8592.14
-7575.61,-8594.01
-7576.1,-8595.93
-7576.58,-8597.8
-7577.07,-8599.73
-7577.55,-8601.6
-7578.04,-8603.52
-7578.52,-8605.39
-7579.02,-8607.32
-7579.5,-8609.18
-7579.99,-8611.1
-7580.46,-8612.96
-7580.95,-8614.88
-7581.43,-8616.75
-7581.93,-8618.67
-7582.41,-8620.55
-7582.9,-8622.46
-7583.38,-8624.36
-7583.87,-8626.27
-7584.35,-8628.16
-7584.85,-8630.08
-7585.33,-8631.96
-7585.82,-8633.9
-7586.31,-8635.78
-7586.8,-8637.7
-7587.28,-8639.6
-7587.77,-8641.5
-7588.26,-8643.41
-7588.75,-8645.34
-7589.23,-8647.22
-7589.73,-8649.15
-7590.21,-8651.03
-7590.7,-8652.96
-7591.18,-8654.83
-7591.66,-8656.74
-7592.15,-8658.64
-7592.64,-8660.57
-7593.12,-8662.45
-7593.62,-8664.37
-7594.09,-8666.25
-7594.59,-8668.18
-7595.06,-8670.05
-7595.56,-8671.98
-7596.03,-8673.84
-7596.52,-8675.75
-7597.01,-8677.65
-7597.01,-8677.69
-7597.51,-8679.61
-7597.99,-8681.5
-7598,-8681.53
-7598.49,-8683.45
-7598.97,-8685.33
-7598.97,-8685.37
-7599.46,-8687.28
-7599.94,-8689.16
-7599.95,-8689.19
-7600.44,-8691.1
-7600.91,-8692.97
-7600.92,-8693.01
-7601.4,-8694.88
-7601.89,-8696.79
-7601.9,-8696.85
-7602.38,-8698.73
-7602.87,-8700.62
-7602.87,-8700.64
-7603.35,-8702.54
-7603.83,-8704.39
-7603.84,-8704.43
-7604.31,-8706.31
-7604.8,-8708.2
-7604.8,-8708.23
-7605.28,-8710.11
-7605.77,-8712
-7606.25,-8713.9
-7606.72,-8715.75
-7607.22,-8717.7
-7607.69,-8719.56
-7608.18,-8721.47
-7608.65,-8723.32
-7609.13,-8725.23
-7609.61,-8727.1
-7610.1,-8729.01
-7610.57,-8730.88
-7611.05,-8732.77
-7611.54,-8734.66
-7612.22,-8737.07
-7612.7,-8738.99
-7613.19,-8740.9
-7613.64,-8742.65
-7614.12,-8744.57
-7614.51,-8746.35
-7614.99,-8748.25
-7615.46,-8750.09
-7615.94,-8751.99
-7616.41,-8753.84
-7616.9,-8755.75
-7617.37,-8757.63
-7617.86,-8759.54
-7618.34,-8761.44
-7618.97,-8763.91
-7619.45,-8765.8
-7619.94,-8767.74
-7620.4,-8769.53
-7621.01,-8771.94
-7621.5,-8773.88
-7622.09,-8776.2
-7622.59,-8778.17
-7623.1,-8780.2
-7623.49,-8781.71
-7624.08,-8784.03
-7624.57,-8785.98
-7625.13,-8788.2
-7625.64,-8790.18
-7626.18,-8792.34
-7626.69,-8794.34
-7627.21,-8796.4
-7627.72,-8798.43
-7628.23,-8800.44
-7628.75,-8802.49
-7629.25,-8804.46
-7629.76,-8806.47
-7630.28,-8808.5
-7630.65,-8809.69
-7631.18,-8811.78
-7631.67,-8813.74
-7632.19,-8815.8
-7632.7,-8817.81
-7633.22,-8819.85
-7633.71,-8821.81
-7634.22,-8823.82
-7634.72,-8825.79
-7635.23,-8827.8
-7635.72,-8829.76
-7636.22,-8831.72
-7636.73,-8833.75
-7637.15,-8835.69
-7637.66,-8837.69
-7638.16,-8839.65
-7638.65,-8841.62
-7639.15,-8843.57
-7639.64,-8845.52
-7640.14,-8847.52
-7640.45,-8848.74
-7640.99,-8850.86
-7641.47,-8852.78
-7642.01,-8854.9
-7642.49,-8856.83
-7643.02,-8858.89
-7643.51,-8860.85
-7644.02,-8862.87
-7644.51,-8864.82
-7645.02,-8866.83
-7645.51,-8868.77
-7646,-8870.72
-7646.5,-8872.69
-7646.99,-8874.62
-7647.49,-8876.61
-7647.97,-8878.51
-7648.47,-8880.5
-7648.95,-8882.39
-7649.43,-8884.32
-7649.94,-8886.32
-7650.22,-8887.45
-7650.74,-8889.49
-7651.22,-8891.42
-7651.73,-8893.42
-7652.21,-8895.31
-7652.71,-8897.3
-7653.19,-8899.19
-7653.68,-8901.13
-7654.15,-8903.01
-7654.63,-8904.92
-7655.12,-8906.84
-7655.59,-8908.71
-7656.08,-8910.64
-7656.55,-8912.52
-7657.03,-8914.39
-7657.51,-8916.31
-7657.98,-8918.16
-7658.46,-8920.07
-7658.93,-8921.93
-7659.41,-8923.82
-7659.89,-8925.72
-7660.37,-8927.63
-7660.37,-8927.64
-7660.84,-8929.49
-7661.33,-8931.41
-7661.33,-8931.42
-7661.8,-8933.28
-7662.28,-8935.18
-7662.29,-8935.21
-7662.76,-8937.06
-7663.24,-8938.97
-7663.25,-8939
-7663.72,-8940.85
-7664.21,-8942.77
-7664.21,-8942.8
-7664.68,-8944.66
-7665.16,-8946.55
-7665.17,-8946.58
-7665.65,-8948.46
-7666.13,-8950.37
-7666.14,-8950.41
-7666.61,-8952.26
-7667.09,-8954.17
-7667.1,-8954.21
-7667.58,-8956.07
-7668.06,-8957.99
-7668.07,-8958.03
-7668.55,-8959.89
-7669.03,-8961.78
-7669.04,-8961.82
-7669.51,-8963.7
-7670,-8965.61
-7670.01,-8965.65
-7670.49,-8967.52
-7670.97,-8969.45
-7670.98,-8969.48
-7671.46,-8971.34
-7671.95,-8973.27
-7671.96,-8973.3
-7672.43,-8975.15
-7672.92,-8977.07
-7672.92,-8977.11
-7673.4,-8978.96
-7673.89,-8980.88
-7673.89,-8980.91
-7674.37,-8982.78
-7674.86,-8984.71
-7674.87,-8984.73
-7675.35,-8986.61
-7675.83,-8988.49
-7675.84,-8988.53
-7676.32,-8990.41
-7676.81,-8992.35
-7676.82,-8992.37
-7677.29,-8994.23
-7677.79,-8996.17
-7677.8,-8996.2
-7678.27,-8998.06
-7678.76,-8999.97
-7678.77,-9000
-7679.25,-9001.87
-7679.74,-9003.79
-7679.74,-9003.82
-7680.22,-9005.67
-7680.73,-9007.64
-7681.21,-9009.52
-7681.71,-9011.47
-7682.19,-9013.35
-7682.69,-9015.3
-7683.17,-9017.18
-7683.67,-9019.11
-7684.16,-9021.01
-7684.65,-9022.93
-7685.15,-9024.86
-7685.63,-9026.75
-7686.12,-9028.64
-7686.61,-9030.54
-7687.1,-9032.42
-7687.58,-9034.31
-7688.06,-9036.17
-7688.55,-9038.04
-7689.03,-9039.91
-7689.51,-9041.75
-7690,-9043.65
-7690.47,-9045.47
-7690.95,-9047.33
-7691.42,-9049.15
-7691.91,-9051.02
-7692.37,-9052.81
-7692.86,-9054.69
-7693.32,-9056.46
-7693.8,-9058.32
-7694.26,-9060.08
-7694.74,-9061.94
-7695.2,-9063.69
-7695.68,-9065.55
-7696.2,-9067.26
-7696.68,-9069.09
-7697.13,-9070.82
-7697.61,-9072.66
-7698.06,-9074.39
-7698.54,-9076.2
-7698.93,-9077.96
-7699.4,-9079.75
-7699.85,-9081.5
-7700.33,-9083.3
-7700.78,-9085.03
-7701.25,-9086.82
-7701.71,-9088.58
-7702.18,-9090.36
-7702.65,-9092.13
-7703.1,-9093.87
-7703.58,-9095.67
-7704.04,-9097.42
-7704.51,-9099.2
-7704.97,-9100.96
-7705.44,-9102.73
-7705.91,-9104.49
-7706.38,-9106.28
-7706.84,-9108.03
-7707.32,-9109.81
-7707.78,-9111.55
-7708.25,-9113.33
-7708.72,-9115.1
-7709.19,-9116.86
-7709.65,-9118.61
-7710.13,-9120.4
-7710.59,-9122.14
-7711.06,-9123.91
-7711.52,-9125.64
-7712,-9127.43
-7712.46,-9129.16
-7712.94,-9130.94
-7713.4,-9132.67
-7713.88,-9134.45
-7714.34,-9136.17
-7714.82,-9137.96
-7715.28,-9139.69
-7715.76,-9141.48
-7716.24,-9143.23
-7716.71,-9144.98
-7717.17,-9146.72
-7717.65,-9148.49
-7718.12,-9150.23
-7718.6,-9152
-7719.07,-9153.75
-7719.54,-9155.5
-7720.02,-9157.24
-7720.5,-9159.01
-7720.96,-9160.74
-7721.45,-9162.52
-7721.92,-9164.24
-7722.4,-9166.03
-7722.88,-9167.79
-7723.36,-9169.56
-7723.85,-9171.32
-7724.33,-9173.1
-7724.8,-9174.82
-7725.3,-9176.62
-7725.77,-9178.34
-7726.26,-9180.13
-7726.75,-9181.89
-7727.23,-9183.65
-7727.72,-9185.4
-7728.21,-9187.17
-7728.69,-9188.92
-7729.18,-9190.68
-7729.67,-9192.42
-7730.16,-9194.19
-7730.65,-9195.94
-7731.14,-9197.69
-7731.63,-9199.45
-7732.13,-9201.2
-7732.62,-9202.95
-7733.11,-9204.71
-7733.61,-9206.45
-7734.1,-9208.2
-7734.59,-9209.94
-7735.09,-9211.69
-7735.59,-9213.42
-7736.09,-9215.17
-7736.59,-9216.94
-7737.09,-9218.67
-7737.59,-9220.43
-7738.09,-9222.15
-7738.6,-9223.91
-7739.1,-9225.62
-7739.6,-9227.37
-7740.11,-9229.09
-7740.62,-9230.86
-7741.12,-9232.56
-7741.63,-9234.31
-7742.14,-9236.03
-7742.65,-9237.77
-7743.16,-9239.48
-7743.67,-9241.21
-7744.18,-9242.92
-7744.7,-9244.68
-7745.21,-9246.38
-7745.73,-9248.12
-7746.25,-9249.83
-7746.77,-9251.56
-7747.28,-9253.26
-7747.81,-9255
-7748.33,-9256.7
-7748.85,-9258.43
-7749.38,-9260.14
-7749.91,-9261.89
-7750.44,-9263.58
-7750.44,-9263.59
-7750.97,-9265.33
-7751.5,-9267.01
-7751.5,-9267.02
-7752.04,-9268.75
-7752.56,-9270.44
-7752.57,-9270.45
-7753.11,-9272.18
-7753.64,-9273.87
-7753.64,-9273.88
-7754.19,-9275.62
-7754.72,-9277.31
-7754.73,-9277.32
-7755.27,-9279.05
-7755.81,-9280.73
-7755.82,-9280.75
-7756.36,-9282.47
-7756.9,-9284.16
-7756.91,-9284.17
-7757.46,-9285.9
-7758,-9287.57
-7758.01,-9287.59
-7758.57,-9289.33
-7759.12,-9291.01
-7759.12,-9291.03
-7759.68,-9292.73
-7760.24,-9294.44
-7760.24,-9294.45
-7760.81,-9296.18
-7761.36,-9297.87
-7761.37,-9297.88
-7761.93,-9299.58
-7762.5,-9301.31
-7763.07,-9303.02
-7763.64,-9304.72
-7764.22,-9306.44
-7764.79,-9308.13
-7765.37,-9309.86
-7765.94,-9311.54
-7766.53,-9313.26
-7767.1,-9314.94
-7767.69,-9316.65
-7768.27,-9318.34
-7768.87,-9320.05
-7769.45,-9321.75
-7770.05,-9323.46
-7770.65,-9325.16
-7771.25,-9326.86
-7771.85,-9328.57
-7772.45,-9330.27
-7773.07,-9332
-7773.68,-9333.71
-7774.3,-9335.43
-7774.91,-9337.14
-7775.53,-9338.85
-7776.15,-9340.56
-7776.78,-9342.27
-7777.4,-9343.96
-7778.04,-9345.69
-7778.67,-9347.4
-7779.3,-9349.11
-7779.95,-9350.84
-7780.59,-9352.56
-7781.23,-9354.25
-7781.88,-9355.98
-7782.54,-9357.7
-7783.18,-9359.39
-7783.84,-9361.12
-7784.5,-9362.81
-7785.16,-9364.52
-7785.82,-9366.23
-7786.49,-9367.94
-7787.16,-9369.65
-7787.84,-9371.36
-7788.5,-9373.05
-7789.19,-9374.77
-7789.86,-9376.45
-7790.55,-9378.17
-7791.23,-9379.84
-7791.92,-9381.56
-7792.61,-9383.25
-7793.32,-9384.97
-7794.01,-9386.64
-7794.71,-9388.34
-7795.41,-9390.02
-7796.12,-9391.74
-7796.82,-9393.41
-7797.53,-9395.09
-7798.25,-9396.78
-7798.98,-9398.49
-7799.69,-9400.17
-7800.42,-9401.87
-7801.14,-9403.52
-7801.88,-9405.22
-7802.61,-9406.9
-7803.34,-9408.57
-7804.08,-9410.24
-7804.83,-9411.94
-7805.57,-9413.59
-7806.32,-9415.26
-7807.07,-9416.93
-7807.83,-9418.63
-7808.58,-9420.27
-7809.36,-9421.96
-7810.11,-9423.61
-7810.9,-9425.31
-7811.67,-9426.96
-7812.44,-9428.63
-7813.22,-9430.29
-7814.03,-9432
-7814.79,-9433.59
-7815.58,-9435.26
-7816.37,-9436.9
-7817.18,-9438.59
-7817.97,-9440.22
-7818.76,-9441.85
-7819.56,-9443.49
-7820.38,-9445.15
-7821.19,-9446.79
-7822.02,-9448.46
-7822.83,-9450.06
-7823.66,-9451.73
-7824.47,-9453.33
-7825.32,-9454.99
-7826.15,-9456.62
-7826.16,-9456.63
-7827,-9458.28
-7827.84,-9459.89
-7827.84,-9459.9
-7828.69,-9461.53
-7829.53,-9463.16
-7829.54,-9463.16
-7830.42,-9464.85
-7831.25,-9466.41
-7831.25,-9466.42
-7832.13,-9468.09
-7832.98,-9469.67
-7832.98,-9469.68
-7833.84,-9471.28
-7834.71,-9472.9
-7834.71,-9472.9
-7835.59,-9474.53
-7836.47,-9476.14
-7836.47,-9476.14
-7837.36,-9477.76
-7838.24,-9479.37
-7838.24,-9479.37
-7839.14,-9481
-7840.02,-9482.59
-7840.03,-9482.6
-7840.93,-9484.22
-7841.81,-9485.8
-7841.82,-9485.8
-7842.73,-9487.41
-7843.63,-9489
-7843.63,-9489.01
-7844.53,-9490.6
-7845.46,-9492.23
-7845.46,-9492.23
-7846.39,-9493.84
-7847.31,-9495.43
-7847.31,-9495.44
-7848.24,-9497.04
-7849.16,-9498.61
-7849.16,-9498.62
-7850.08,-9500.19
-7851.02,-9501.79
-7851.03,-9501.8
-7851.97,-9503.4
-7852.91,-9504.97
-7852.91,-9504.97
-7853.86,-9506.57
-7854.8,-9508.14
-7854.81,-9508.15
-7855.77,-9509.75
-7856.72,-9511.31
-7856.73,-9511.32
-7857.68,-9512.89
-7858.64,-9514.47
-7858.66,-9514.49
-7859.62,-9516.06
-7860.58,-9517.62
-7860.6,-9517.65
-7861.84,-9519.64
-7862.81,-9521.21
-7863.81,-9522.8
-7863.99,-9523.09
-7864.99,-9524.67
-7866.02,-9526.3
-7866.12,-9526.46
-7867.13,-9528.05
-7868.18,-9529.7
-7868.22,-9529.75
-7869.23,-9531.33
-7870.29,-9532.98
-7870.3,-9532.99
-7871.34,-9534.59
-7872.4,-9536.22
-7873.46,-9537.84
-7873.9,-9538.51
-7874.91,-9540.05
-7875.97,-9541.65
-7876.27,-9542.1
-7877.29,-9543.63
-7877.42,-9543.83
-7878.44,-9545.36
-7879.5,-9546.93
-7879.57,-9547.04
-7880.59,-9548.56
-7881.65,-9550.11
-7882.69,-9551.65
-7883.03,-9552.14
-7884.18,-9553.83
-7885.22,-9555.34
-7886.26,-9556.85
-7886.35,-9556.97
-7887.41,-9558.5
-7888.52,-9560.1
-7889.56,-9561.59
-7890.67,-9563.16
-7891.72,-9564.65
-7892.8,-9566.18
-7893.87,-9567.68
-7894.95,-9569.19
-7896.02,-9570.68
-7897.09,-9572.18
-7898.16,-9573.65
-7899.24,-9575.13
-7900.32,-9576.62
-7901.39,-9578.08
-7902.47,-9579.55
-7903.54,-9580.99
-7904.65,-9582.49
-7905.72,-9583.93
-7906.8,-9585.37
-7907.88,-9586.82
-7908.99,-9588.3
-7910.1,-9589.75
-7911.19,-9591.19
-7912.3,-9592.65
-7913.39,-9594.07
-7914.51,-9595.53
-7915.61,-9596.96
-7916.73,-9598.4
-7917.86,-9599.86
-7918.98,-9601.3
-7920.09,-9602.72
-7921.22,-9604.15
-7922.37,-9605.61
-7923.5,-9607.04
-7924.62,-9608.44
-7925.77,-9609.89
-7926.89,-9611.29
-7928.06,-9612.73
-7929.18,-9614.12
-7930.35,-9615.56
-7930.35,-9615.57
-7931.48,-9616.95
-7932.66,-9618.4
-7933.8,-9619.79
-7934.97,-9621.22
-7935,-9621.24
-7936.14,-9622.63
-7937.32,-9624.05
-7937.35,-9624.08
-7938.5,-9625.46
-7939.69,-9626.89
-7939.71,-9626.92
-7940.87,-9628.3
-7942.09,-9629.74
-7942.11,-9629.76
-7943.26,-9631.13
-7944.46,-9632.55
-7944.49,-9632.58
-7945.66,-9633.96
-7946.87,-9635.37
-7946.9,-9635.41
-7948.08,-9636.78
-7949.29,-9638.19
-7949.33,-9638.23
-7950.52,-9639.61
-7951.74,-9641.02
-7951.77,-9641.05
-7952.97,-9642.43
-7954.2,-9643.83
-7954.23,-9643.87
-7955.43,-9645.24
-7956.67,-9646.65
-7956.7,-9646.68
-7957.92,-9648.06
-7959.17,-9649.46
-7959.2,-9649.5
-7960.41,-9650.87
-7961.67,-9652.27
-7961.7,-9652.3
-7962.93,-9653.67
-7964.19,-9655.08
-7964.23,-9655.12
-7965.46,-9656.48
-7966.73,-9657.88
-7966.76,-9657.92
-7968.01,-9659.28
-7969.29,-9660.69
-7969.32,-9660.72
-7970.57,-9662.09
-7971.87,-9663.49
-7971.9,-9663.53
-7973.15,-9664.89
-7974.45,-9666.29
-7974.49,-9666.32
-7975.76,-9667.69
-7977.07,-9669.1
-7977.1,-9669.13
-7978.36,-9670.49
-7979.65,-9671.89
-7979.68,-9671.92
-7980.99,-9673.31
-7982.32,-9674.71
-7982.34,-9674.73
-7983.63,-9676.09
-7984.98,-9677.5
-7984.99,-9677.51
-7986.3,-9678.85
-7987.66,-9680.24
-7987.67,-9680.25
-7988.99,-9681.62
-7990.34,-9683.01
-7990.35,-9683.02
-7991.67,-9684.39
-7993.08,-9685.73
-7993.09,-9685.74
-7994.43,-9687.1
-7995.79,-9688.49
-7995.79,-9688.49
-7997.15,-9689.87
-7998.52,-9691.26
-7998.53,-9691.26
-7999.87,-9692.61
-8001.24,-9693.98
-8001.24,-9693.98
-8002.59,-9695.34
-8004,-9696.78
-8004.02,-9696.8
-8005.36,-9698.16
-8006.76,-9699.56
-8006.78,-9699.58
-8008.15,-9700.92
-8009.55,-9702.3
-8009.57,-9702.32
-8010.95,-9703.66
-8012.36,-9705.04
-8012.38,-9705.06
-8013.78,-9706.4
-8015.2,-9707.75
-8015.22,-9707.77
-8016.61,-9709.11
-8018.04,-9710.48
-8018.07,-9710.51
-8019.46,-9711.83
-8020.89,-9713.2
-8020.92,-9713.23
-8022.3,-9714.56
-8023.73,-9715.93
-8023.76,-9715.96
-8025.14,-9717.26
-8026.58,-9718.62
-8026.6,-9718.64
-8028,-9719.95
-8029.43,-9721.28
-8029.45,-9721.3
-8030.85,-9722.6
-8032.31,-9723.95
-8032.33,-9723.96
-8033.73,-9725.26
-8035.2,-9726.61
-8035.22,-9726.63
-8036.63,-9727.92
-8038.08,-9729.25
-8038.11,-9729.27
-8039.53,-9730.56
-8040.98,-9731.88
-8040.99,-9731.89
-8042.43,-9733.19
-8043.89,-9734.5
-8043.91,-9734.52
-8045.34,-9735.81
-8046.8,-9737.11
-8046.82,-9737.13
-8048.27,-9738.42
-8049.73,-9739.72
-8049.75,-9739.74
-8051.19,-9741.01
-8052.65,-9742.3
-8052.67,-9742.32
-8054.15,-9743.61
-8055.6,-9744.89
-8055.62,-9744.9
-8057.07,-9746.17
-8058.54,-9747.45
-8058.55,-9747.45
-8060.02,-9748.73
-8061.5,-9750.01
-8061.51,-9750.01
-8062.97,-9751.27
-8064.44,-9752.53
-8064.45,-9752.54
-8065.92,-9753.8
-8067.41,-9755.07
-8067.41,-9755.07
-8068.92,-9756.35
-8070.4,-9757.6
-8070.4,-9757.6
-8071.88,-9758.85
-8073.38,-9760.11
-8073.39,-9760.12
-8074.87,-9761.36
-8076.38,-9762.62
-8076.4,-9762.64
-8077.92,-9763.89
-8079.41,-9765.14
-8079.44,-9765.16
-8080.93,-9766.39
-8082.44,-9767.63
-8082.48,-9767.66
-8084,-9768.91
-8085.53,-9770.16
-8085.56,-9770.19
-8087.1,-9771.44
-8088.6,-9772.66
-8088.65,-9772.69
-8090.19,-9773.94
-8091.72,-9775.18
-8091.76,-9775.21
-8093.29,-9776.44
-8094.84,-9777.68
-8094.87,-9777.7
-8096.41,-9778.93
-8097.96,-9780.16
-8097.99,-9780.18
-8099.54,-9781.41
-8101.11,-9782.65
-8101.13,-9782.67
-8102.69,-9783.9
-8104.26,-9785.13
-8104.28,-9785.15
-8105.84,-9786.37
-8107.43,-9787.6
-8107.44,-9787.61
-8109.03,-9788.84
-8110.61,-9790.07
-8110.62,-9790.08
-8112.21,-9791.3
-8113.82,-9792.53
-8113.82,-9792.54
-8115.43,-9793.77
-8117.02,-9794.98
-8117.02,-9794.98
-8118.61,-9796.19
-8120.22,-9797.41
-8120.22,-9797.41
-8121.83,-9798.62
-8123.46,-9799.85
-8123.46,-9799.85
-8125.09,-9801.07
-8126.72,-9802.24
-8126.72,-9802.25
-8128.35,-9803.46
-8129.95,-9804.65
-8131.59,-9805.86
-8133.2,-9807.04
-8134.81,-9808.23
-8136.43,-9809.41
-8138.08,-9810.61
-8139.69,-9811.78
-8141.36,-9813
-8142.95,-9814.14
-8144.59,-9815.32
-8146.2,-9816.48
-8147.86,-9817.66
-8149.46,-9818.8
-8151.09,-9819.96
-8152.72,-9821.11
-8154.37,-9822.27
-8156,-9823.41
-8157.66,-9824.57
-8159.28,-9825.7
-8160.95,-9826.87
-8162.6,-9828.01
-8162.64,-9828.04
-8164.29,-9829.18
-8165.92,-9830.3
-8167.59,-9831.46
-8169.21,-9832.57
-8170.89,-9833.71
-8172.51,-9834.82
-8174.19,-9835.96
-8175.86,-9837.09
-8175.88,-9837.1
-8177.55,-9838.22
-8179.21,-9839.34
-8179.23,-9839.35
-8180.9,-9840.47
-8182.57,-9841.58
-8182.59,-9841.59
-8184.27,-9842.7
-8185.94,-9843.81
-8185.95,-9843.82
-8187.65,-9844.94
-8189.31,-9846.03
-8189.33,-9846.04
-8191,-9847.14
-8192.67,-9848.23
-8194.39,-9849.34
-8196.05,-9850.43
-8196.08,-9850.45
-8197.79,-9851.55
-8199.45,-9852.63
-8199.48,-9852.64
-8201.18,-9853.74
-8202.85,-9854.81
-8202.87,-9854.83
-8204.57,-9855.91
-8206.24,-9856.98
-8206.26,-9856.99
-8207.95,-9858.07
-8209.63,-9859.13
-8209.65,-9859.15
-8211.36,-9860.23
-8213.03,-9861.29
-8213.05,-9861.3
-8214.76,-9862.36
-8216.46,-9863.41
-8216.49,-9863.42
-8218.2,-9864.5
-8219.88,-9865.55
-8219.91,-9865.57
-8221.63,-9866.64
-8223.3,-9867.68
-8223.33,-9867.7
-8225.03,-9868.75
-8226.68,-9869.82
-8226.71,-9869.83
-8228.4,-9870.88
-8230.09,-9871.92
-8230.1,-9871.93
-8231.79,-9872.97
-8233.48,-9874.01
-8233.5,-9874.02
-8235.18,-9875.04
-8236.87,-9876.08
-8236.88,-9876.09
-8238.57,-9877.12
-8240.24,-9878.13
-8240.24,-9878.13
-8241.93,-9879.16
-8243.6,-9880.18
-8243.61,-9880.18
-8245.29,-9881.2
-8246.98,-9882.22
-8246.99,-9882.23
-8248.67,-9883.24
-8250.36,-9884.26
-8250.37,-9884.26
-8252.06,-9885.28
-8253.75,-9886.29
-8253.77,-9886.3
-8255.48,-9887.33
-8257.14,-9888.32
-8257.15,-9888.33
-8258.86,-9889.35
-8260.53,-9890.34
-8260.55,-9890.35
-8262.26,-9891.37
-8263.94,-9892.37
-8263.96,-9892.38
-8265.64,-9893.37
-8267.34,-9894.38
-8267.35,-9894.39
-8269.06,-9895.4
-8270.73,-9896.38
-8270.73,-9896.39
-8272.43,-9897.39
-8274.12,-9898.39
-8274.14,-9898.39
-8275.83,-9899.39
-8277.53,-9900.39
-8277.57,-9900.41
-8279.27,-9901.41
-8280.98,-9902.37
-8281.03,-9902.4
-8282.73,-9903.39
-8284.39,-9904.36
-8284.45,-9904.4
-8286.17,-9905.4
-8287.85,-9906.34
-8287.91,-9906.38
-8289.61,-9907.37
-8291.28,-9908.34
-8291.33,-9908.37
-8293.01,-9909.34
-8294.7,-9910.33
-8294.75,-9910.36
-8296.44,-9911.34
-8298.07,-9912.36
-8298.12,-9912.38
-8299.78,-9913.35
-8301.45,-9914.31
-8301.49,-9914.34
-8303.17,-9915.31
-8304.81,-9916.25
-8304.85,-9916.27
-8306.5,-9917.23
-8308.15,-9918.18
-8308.19,-9918.2
-8309.83,-9919.15
-8311.48,-9920.1
-8311.51,-9920.12
-8313.16,-9921.07
-8314.81,-9922.02
-8314.84,-9922.03
-8316.5,-9922.99
-8318.12,-9923.92
-8318.15,-9923.94
-8319.77,-9924.87
-8321.41,-9925.81
-8321.43,-9925.82
-8323.07,-9926.77
-8324.69,-9927.7
-8324.73,-9927.72
-8326.35,-9928.65
-8327.98,-9929.58
-8328.01,-9929.6
-8329.66,-9930.55
-8331.28,-9931.48
-8331.32,-9931.5
-8332.97,-9932.42
-8334.58,-9933.33
-8334.63,-9933.36
-8336.26,-9934.29
-8337.87,-9935.22
-8337.94,-9935.25
-8339.56,-9936.19
-8341.18,-9937.15
-8341.26,-9937.2
-8342.88,-9938.13
-8344.52,-9939.07
-8344.6,-9939.11
-8346.23,-9940.04
-8347.87,-9940.98
-8347.93,-9941.02
-8349.56,-9941.95
-8351.2,-9942.89
-8351.26,-9942.93
-8352.91,-9943.88
-8354.54,-9944.81
-8354.59,-9944.84
-8356.23,-9945.78
-8357.9,-9946.7
-8357.93,-9946.72
-8359.59,-9947.67
-8361.22,-9948.61
-8361.25,-9948.63
-8362.88,-9949.56
-8364.5,-9950.53
-8364.54,-9950.55
-8366.21,-9951.52
-8367.84,-9952.45
-8367.86,-9952.47
-8369.53,-9953.43
-8371.16,-9954.36
-8371.17,-9954.37
-8372.8,-9955.31
-8374.47,-9956.27
-8374.47,-9956.27
-8376.13,-9957.23
-8377.77,-9958.18
-8377.79,-9958.19
-8379.44,-9959.15
-8381.07,-9960.09
-8381.07,-9960.09
-8382.73,-9961.05
-8384.35,-9961.99
-8384.37,-9962
-8386.02,-9962.96
-8387.63,-9963.89
-8387.65,-9963.9
-8389.3,-9964.86
-8390.94,-9965.82
-8392.6,-9966.78
-8394.23,-9967.73
-8395.89,-9968.69
-8397.5,-9969.63
-8399.15,-9970.6
-8400.76,-9971.54
-8402.41,-9972.5
-8404.02,-9973.44
-8405.65,-9974.39
-8407.29,-9975.35
-8408.92,-9976.31
-8410.56,-9977.19
-8412.2,-9978.16
-8413.8,-9979.09
-8415.44,-9980.06
-8417.01,-9981.02
-8418.65,-9981.98
-8420.24,-9982.92
-8421.88,-9983.88
-8423.44,-9984.8
-8425.08,-9985.77
-8426.64,-9986.69
-8428.27,-9987.65
-8429.82,-9988.57
-8431.46,-9989.53
-8433,-9990.45
-8434.6,-9991.39
-8436.17,-9992.32
-8437.78,-9993.27
-8439.31,-9994.18
-8440.93,-9995.14
-8442.47,-9996.05
-8444.06,-9997
-8445.61,-9997.91
-8447.21,-9998.86
-8448.74,-9999.77
-8450.3,-10000.7
-8451.86,-10001.6
-8453.45,-10002.6
-8454.99,-10003.5
-8456.56,-10004.4
-8458.1,-10005.4
-8459.65,-10006.3
-8461.21,-10007.2
-8462.79,-10008.2
-8464.33,-10009.1
-8465.91,-10010
-8467.46,-10011
-8469.05,-10011.9
-8470.61,-10012.8
-8470.62,-10012.8
-8472.19,-10013.8
-8473.73,-10014.7
-8473.75,-10014.7
-8475.32,-10015.6
-8476.87,-10016.6
-8476.89,-10016.6
-8478.46,-10017.5
-8480,-10018.5
-8480.02,-10018.5
-8481.58,-10019.4
-8483.11,-10020.3
-8483.14,-10020.4
-8484.71,-10021.3
-8486.25,-10022.2
-8486.29,-10022.2
-8487.86,-10023.2
-8489.41,-10024.1
-8489.45,-10024.1
-8491.03,-10025.1
-8492.55,-10026
-8492.6,-10026
-8494.17,-10027
-8495.73,-10027.9
-8495.78,-10028
-8497.33,-10028.9
-8498.89,-10029.8
-8498.95,-10029.9
-8500.52,-10030.8
-8502.06,-10031.8
-8502.12,-10031.8
-8503.7,-10032.8
-8505.25,-10033.7
-8505.3,-10033.7
-8506.87,-10034.7
-8508.46,-10035.6
-8508.51,-10035.6
-8510.1,-10036.6
-8511.67,-10037.5
-8511.72,-10037.6
-8513.3,-10038.5
-8514.87,-10039.5
-8514.91,-10039.5
-8516.49,-10040.4
-8516.98,-10040.7
-8518.6,-10041.7
-8520.24,-10042.7
-8521.86,-10043.7
-8522.01,-10043.8
-8523.62,-10044.8
-8525.22,-10045.7
-8525.32,-10045.8
-8526.94,-10046.8
-8528.54,-10047.7
-8528.61,-10047.8
-8530.21,-10048.7
-8531.82,-10049.7
-8531.87,-10049.7
-8533.48,-10050.7
-8533.93,-10051
-8535.54,-10052
-8537.2,-10053
-8537.51,-10053.1
-8539.17,-10054.1
-8540.84,-10055.2
-8541.04,-10055.3
-8542.71,-10056.3
-8544.41,-10057.3
-8544.51,-10057.4
-8546.18,-10058.4
-8547.89,-10059.4
-8549.58,-10060.4
-8550.17,-10060.8
-8551.84,-10061.8
-8552,-10061.9
-8553.69,-10062.9
-8555.38,-10064
-8555.45,-10064
-8557.09,-10065
-8558.8,-10066
-8558.81,-10066
-8560.47,-10067
-8562.17,-10068.1
-8562.21,-10068.1
-8563.88,-10069.1
-8565.55,-10070.2
-8565.62,-10070.2
-8567.28,-10071.2
-8568.99,-10072.3
-8569.09,-10072.3
-8570.74,-10073.3
-8572.46,-10074.4
-8572.57,-10074.4
-8574.22,-10075.4
-8575.92,-10076.5
-8576.03,-10076.5
-8577.67,-10077.5
-8579.38,-10078.6
-8579.48,-10078.6
-8581.13,-10079.6
-8582.8,-10080.7
-8584.46,-10081.7
-8585.17,-10082.1
-8586.81,-10083.1
-8586.93,-10083.2
-8588.53,-10084.1
-8590.18,-10085.1
-8590.26,-10085.2
-8591.86,-10086.2
-8593.51,-10087.2
-8593.57,-10087.2
-8595.18,-10088.2
-8596.82,-10089.2
-8596.85,-10089.2
-8598.5,-10090.2
-8600.14,-10091.2
-8600.15,-10091.2
-8601.76,-10092.2
-8603.43,-10093.2
-8603.45,-10093.2
-8605.06,-10094.2
-8606.69,-10095.2
-8606.71,-10095.2
-8608.37,-10096.2
-8610.01,-10097.2
-8610.04,-10097.2
-8611.65,-10098.2
-8613.29,-10099.2
-8613.32,-10099.2
-8614.96,-10100.2
-8616.62,-10101.2
-8616.66,-10101.2
-8618.25,-10102.2
-8619.92,-10103.2
-8619.95,-10103.2
-8621.55,-10104.2
-8623.18,-10105.2
-8623.21,-10105.2
-8624.84,-10106.2
-8626.46,-10107.2
-8626.48,-10107.2
-8628.12,-10108.2
-8629.8,-10109.1
-8629.83,-10109.2
-8631.44,-10110.1
-8633.08,-10111.1
-8633.1,-10111.1
-8634.7,-10112.1
-8636.36,-10113.1
-8636.37,-10113.1
-8637.96,-10114.1
-8639.59,-10115.1
-8641.18,-10116.1
-8642.82,-10117.1
-8644.42,-10118.1
-8646.06,-10119.1
-8647.69,-10120.1
-8649.34,-10121.1
-8650.93,-10122
-8652.6,-10123.1
-8654.19,-10124
-8655.87,-10125
-8657.47,-10126
-8659.14,-10127
-8660.76,-10128
-8662.42,-10129
-8664.02,-10130
-8665.68,-10131
-8665.69,-10131
-8667.31,-10132
-8668.96,-10133
-8668.98,-10133
-8670.58,-10134
-8672.21,-10134.9
-8672.24,-10135
-8673.86,-10135.9
-8675.51,-10136.9
-8675.55,-10137
-8677.14,-10137.9
-8678.79,-10138.9
-8678.84,-10139
-8680.43,-10139.9
-8682.04,-10140.9
-8682.08,-10140.9
-8683.71,-10141.9
-8685.32,-10142.9
-8685.36,-10142.9
-8686.95,-10143.9
-8688.59,-10144.9
-8688.63,-10144.9
-8690.2,-10145.8
-8691.84,-10146.8
-8691.88,-10146.9
-8693.46,-10147.8
-8695.08,-10148.8
-8695.12,-10148.8
-8696.69,-10149.8
-8698.34,-10150.7
-8698.36,-10150.7
-8699.94,-10151.7
-8701.55,-10152.6
-8701.57,-10152.6
-8703.19,-10153.6
-8704.78,-10154.6
-8704.79,-10154.6
-8706.36,-10155.5
-8707.98,-10156.5
-8707.99,-10156.5
-8709.55,-10157.5
-8711.16,-10158.4
-8711.17,-10158.4
-8712.73,-10159.4
-8714.33,-10160.4
-8714.33,-10160.4
-8715.88,-10161.3
-8717.49,-10162.3
-8717.5,-10162.3
-8719.04,-10163.2
-8720.61,-10164.2
-8720.62,-10164.2
-8722.21,-10165.2
-8723.78,-10166.1
-8723.79,-10166.1
-8725.36,-10167.1
-8726.96,-10168
-8726.97,-10168
-8728.51,-10169
-8730.11,-10169.9
-8730.11,-10169.9
-8731.66,-10170.9
-8733.25,-10171.8
-8733.25,-10171.8
-8734.82,-10172.8
-8736.39,-10173.7
-8736.4,-10173.7
-8737.95,-10174.7
-8739.5,-10175.6
-8739.51,-10175.6
-8741.07,-10176.6
-8742.66,-10177.5
-8742.67,-10177.5
-8744.22,-10178.5
-8745.83,-10179.4
-8745.84,-10179.4
-8747.39,-10180.3
-8748.96,-10181.3
-8748.98,-10181.3
-8750.52,-10182.2
-8752.07,-10183.1
-8752.08,-10183.1
-8753.65,-10184.1
-8755.22,-10185
-8755.25,-10185.1
-8756.79,-10186
-8758.3,-10187
-8758.32,-10187
-8759.86,-10187.9
-8761.42,-10188.9
-8761.44,-10188.9
-8762.98,-10189.8
-8764.55,-10190.7
-8764.57,-10190.8
-8766.09,-10191.7
-8767.64,-10192.6
-8767.66,-10192.6
-8769.2,-10193.5
-8770.78,-10194.4
-8770.81,-10194.4
-8772.33,-10195.4
-8773.86,-10196.3
-8773.89,-10196.3
-8775.44,-10197.2
-8776.95,-10198.1
-8776.98,-10198.1
-8778.5,-10199.1
-8780,-10200
-8780.02,-10200
-8781.51,-10200.9
-8783.04,-10201.9
-8783.05,-10201.9
-8784.57,-10202.8
-8786.08,-10203.7
-8786.09,-10203.7
-8787.61,-10204.6
-8789.11,-10205.5
-8789.12,-10205.5
-8790.63,-10206.4
-8792.12,-10207.3
-8792.13,-10207.3
-8793.66,-10208.3
-8795.17,-10209.1
-8795.18,-10209.1
-8796.68,-10210
-8798.18,-10210.9
-8798.19,-10210.9
-8799.67,-10211.8
-8801.16,-10212.7
-8801.17,-10212.7
-8802.66,-10213.6
-8804.15,-10214.5
-8804.16,-10214.5
-8805.65,-10215.4
-8807.13,-10216.3
-8807.14,-10216.3
-8808.62,-10217.2
-8810.08,-10218.1
-8810.09,-10218.1
-8811.56,-10219
-8813.05,-10219.9
-8813.06,-10219.9
-8814.52,-10220.8
-8816.03,-10221.6
-8816.04,-10221.6
-8817.52,-10222.5
-8818.98,-10223.4
-8818.99,-10223.4
-8820.46,-10224.3
-8821.92,-10225.2
-8821.94,-10225.2
-8823.4,-10226.1
-8824.87,-10226.9
-8824.88,-10226.9
-8826.35,-10227.8
-8827.77,-10228.7
-8827.78,-10228.8
-8829.24,-10229.6
-8830.68,-10230.5
-8830.68,-10230.5
-8832.15,-10231.4
-8833.6,-10232.2
-8833.61,-10232.3
-8835.05,-10233.1
-8836.5,-10234
-8836.51,-10234
-8837.94,-10234.9
-8839.39,-10235.7
-8839.39,-10235.7
-8840.86,-10236.6
-8842.28,-10237.4
-8842.28,-10237.5
-8843.73,-10238.3
-8845.15,-10239.2
-8845.16,-10239.2
-8846.59,-10240
-8848.03,-10240.9
-8848.04,-10240.9
-8849.48,-10241.8
-8850.89,-10242.6
-8850.9,-10242.6
-8852.34,-10243.5
-8853.74,-10244.3
-8853.75,-10244.3
-8855.18,-10245.2
-8856.6,-10246
-8856.61,-10246
-8858.04,-10246.9
-8859.44,-10247.7
-8859.45,-10247.7
-8860.88,-10248.6
-8862.29,-10249.4
-8862.29,-10249.4
-8863.71,-10250.3
-8865.12,-10251.1
-8865.12,-10251.1
-8866.52,-10252
-8867.94,-10252.8
-8867.95,-10252.8
-8869.36,-10253.7
-8870.77,-10254.5
-8872.19,-10255.3
-8873.59,-10256.2
-8875.02,-10257
-8876.39,-10257.9
-8876.4,-10257.9
-8877.8,-10258.7
-8879.2,-10259.5
-8879.21,-10259.5
-8880.6,-10260.4
-8881.99,-10261.2
-8882.01,-10261.2
-8883.41,-10262
-8884.79,-10262.9
-8884.81,-10262.9
-8886.22,-10263.7
-8887.6,-10264.6
-8887.62,-10264.6
-8889.03,-10265.4
-8890.4,-10266.2
-8890.43,-10266.2
-8891.85,-10267.1
-8893.23,-10267.9
-8893.26,-10267.9
-8894.66,-10268.8
-8896.04,-10269.6
-8896.09,-10269.6
-8897.5,-10270.5
-8898.86,-10271.3
-8898.93,-10271.3
-8900.35,-10272.2
-8901.72,-10273
-8901.8,-10273
-8903.21,-10273.9
-8904.6,-10274.7
-8904.67,-10274.7
-8906.09,-10275.6
-8907.46,-10276.4
-8907.55,-10276.4
-8908.97,-10277.3
-8910.35,-10278.1
-8910.44,-10278.2
-8911.86,-10279
-8913.25,-10279.8
-8913.34,-10279.9
-8914.77,-10280.7
-8916.17,-10281.6
-8916.26,-10281.6
-8917.7,-10282.5
-8919.1,-10283.3
-8919.19,-10283.4
-8920.63,-10284.2
-8922.05,-10285.1
-8922.14,-10285.1
-8923.57,-10286
-8925,-10286.8
-8925.09,-10286.9
-8926.53,-10287.7
-8927.97,-10288.6
-8928.04,-10288.6
-8929.48,-10289.5
-8930.94,-10290.4
-8931.01,-10290.4
-8932.46,-10291.3
-8933.92,-10292.1
-8933.98,-10292.2
-8935.45,-10293
-8936.91,-10293.9
-8936.97,-10294
-8938.46,-10294.8
-8939.9,-10295.7
-8939.95,-10295.7
-8941.45,-10296.6
-8942.91,-10297.5
-8942.96,-10297.5
-8944.44,-10298.4
-8945.92,-10299.3
-8945.96,-10299.3
-8947.46,-10300.2
-8948.93,-10301.1
-8948.96,-10301.1
-8950.44,-10302
-8951.94,-10302.8
-8951.97,-10302.9
-8953.48,-10303.8
-8954.99,-10304.6
-8955.02,-10304.6
-8956.52,-10305.5
-8958.03,-10306.4
-8958.05,-10306.4
-8959.56,-10307.3
-8961.05,-10308.2
-8961.07,-10308.2
-8962.58,-10309.1
-8964.1,-10310
-8964.11,-10310
-8965.62,-10310.9
-8967.13,-10311.8
-8967.15,-10311.8
-8968.66,-10312.7
-8970.13,-10313.6
-8970.15,-10313.6
-8971.69,-10314.5
-8973.2,-10315.4
-8973.2,-10315.4
-8974.75,-10316.4
-8976.25,-10317.2
-8976.25,-10317.2
-8977.77,-10318.1
-8979.31,-10319.1
-8979.31,-10319.1
-8980.84,-10320
-8982.37,-10320.9
-8982.38,-10320.9
-8983.9,-10321.8
-8985.45,-10322.6
-8985.45,-10322.6
-8987,-10323.6
-8988.53,-10324.5
-8988.54,-10324.5
-8990.09,-10325.4
-8991.64,-10326.3
-8991.65,-10326.3
-8993.19,-10327.2
-8994.74,-10328.1
-8994.74,-10328.1
-8996.28,-10329
-8997.83,-10329.9
-8997.83,-10329.9
-8999.39,-10330.8
-9000.9,-10331.8
-9000.91,-10331.8
-9002.45,-10332.7
-9004.02,-10333.6
-9004.03,-10333.7
-9005.6,-10334.6
-9007.16,-10335.5
-9007.18,-10335.5
-9008.73,-10336.4
-9010.28,-10337.3
-9010.29,-10337.3
-9011.86,-10338.2
-9013.43,-10339.2
-9013.45,-10339.2
-9015.01,-10340.1
-9016.57,-10341
-9016.58,-10341
-9018.15,-10341.9
-9019.71,-10342.9
-9019.73,-10342.9
-9021.3,-10343.8
-9022.88,-10344.7
-9022.9,-10344.7
-9024.47,-10345.6
-9026.03,-10346.5
-9026.04,-10346.5
-9027.63,-10347.5
-9029.18,-10348.4
-9029.19,-10348.4
-9030.76,-10349.3
-9032.32,-10350.2
-9032.32,-10350.2
-9033.89,-10351.1
-9035.48,-10352.1
-9035.48,-10352.1
-9037.07,-10353
-9038.63,-10353.9
-9038.64,-10353.9
-9040.23,-10354.9
-9041.78,-10355.8
-9041.79,-10355.8
-9043.38,-10356.7
-9044.96,-10357.6
-9044.97,-10357.6
-9046.57,-10358.6
-9048.14,-10359.5
-9048.15,-10359.5
-9049.75,-10360.4
-9051.33,-10361.3
-9051.34,-10361.4
-9052.93,-10362.3
-9054.53,-10363.2
-9054.54,-10363.2
-9056.16,-10364.2
-9057.72,-10365.1
-9057.74,-10365.1
-9059.33,-10366
-9060.93,-10367
-9060.95,-10367
-9062.55,-10367.9
-9064.13,-10368.8
-9064.15,-10368.9
-9065.74,-10369.8
-9067.34,-10370.7
-9067.36,-10370.7
-9068.97,-10371.6
-9070.55,-10372.6
-9070.56,-10372.6
-9072.18,-10373.5
-9073.77,-10374.4
-9073.79,-10374.4
-9075.4,-10375.4
-9076.99,-10376.3
-9077.01,-10376.3
-9078.62,-10377.2
-9080.2,-10378.2
-9080.22,-10378.2
-9081.82,-10379.1
-9083.43,-10380
-9083.45,-10380
-9085.03,-10380.9
-9086.65,-10381.9
-9086.66,-10381.9
-9088.26,-10382.8
-9089.85,-10383.7
-9089.87,-10383.7
-9091.48,-10384.7
-9093.08,-10385.6
-9093.1,-10385.6
-9094.71,-10386.5
-9096.3,-10387.5
-9096.31,-10387.5
-9097.94,-10388.4
-9099.54,-10389.3
-9099.54,-10389.3
-9101.15,-10390.2
-9102.76,-10391.1
-9102.76,-10391.1
-9104.38,-10392.1
-9105.98,-10393
-9105.99,-10393
-9107.6,-10393.9
-9109.2,-10394.8
-9109.2,-10394.8
-9110.83,-10395.7
-9112.47,-10396.6
-9112.47,-10396.6
-9114.11,-10397.5
-9115.72,-10398.4
-9115.74,-10398.5
-9117.38,-10399.4
-9119,-10400.3
-9119.02,-10400.4
-9120.63,-10401.3
-9121.08,-10401.5
-9122.7,-10402.4
-9124.36,-10403.4
-9124.68,-10403.6
-9126.36,-10404.5
-9128.05,-10405.5
-9128.24,-10405.6
-9129.9,-10406.5
-9131.61,-10407.5
-9131.69,-10407.5
-9133.42,-10408.5
-9135.15,-10409.5
-9135.16,-10409.5
-9136.86,-10410.4
-9138.63,-10411.4
-9138.71,-10411.5
-9140.41,-10412.4
-9142.17,-10413.4
-9143.92,-10414.3
-9144.71,-10414.8
-9146.41,-10415.7
-9146.46,-10415.7
-9148.12,-10416.6
-9149.82,-10417.6
-9149.84,-10417.6
-9151.49,-10418.5
-9153.17,-10419.4
-9153.22,-10419.5
-9154.93,-10420.4
-9156.62,-10421.4
-9156.71,-10421.4
-9158.36,-10422.3
-9160.07,-10423.3
-9160.19,-10423.3
-9161.84,-10424.2
-9163.53,-10425.2
-9163.66,-10425.2
-9165.3,-10426.1
-9167,-10427.1
-9167.13,-10427.1
-9168.77,-10428
-9170.44,-10428.9
-9170.57,-10429
-9172.2,-10429.9
-9173.88,-10430.9
-9174.01,-10430.9
-9175.61,-10431.8
-9177.24,-10432.7
-9178.91,-10433.6
-9179.65,-10434
-9181.22,-10434.9
-9181.31,-10434.9
-9182.93,-10435.8
-9184.52,-10436.7
-9184.58,-10436.7
-9186.15,-10437.6
-9187.8,-10438.5
-9189.37,-10439.3
-9191,-10440.2
-9192.56,-10441
-9194.15,-10441.9
-9194.15,-10441.9
-9195.76,-10442.7
-9197.36,-10443.6
-9197.37,-10443.6
-9198.94,-10444.4
-9200.54,-10445.3
-9200.56,-10445.3
-9202.16,-10446.1
-9203.73,-10447
-9205.27,-10447.8
-9206.86,-10448.6
-9208.42,-10449.5
-9209.99,-10450.3
-9211.54,-10451.1
-9213.1,-10451.9
-9214.65,-10452.8
-9216.22,-10453.6
-9217.75,-10454.4
-9219.31,-10455.2
-9220.85,-10456
-9222.39,-10456.8
-9223.94,-10457.6
-9225.49,-10458.4
-9227.02,-10459.2
-9228.57,-10460.1
-9230.09,-10460.8
-9231.63,-10461.6
-9231.63,-10461.7
-9233.19,-10462.5
-9234.74,-10463.3
-9236.26,-10464.1
-9237.84,-10464.8
-9239.34,-10465.6
-9240.89,-10466.4
-9242.4,-10467.2
-9243.94,-10468
-9245.45,-10468.7
-9246.98,-10469.5
-9248.5,-10470.3
-9250.04,-10471.1
-9251.5,-10471.9
-9253.03,-10472.7
-9254.52,-10473.5
-9256.05,-10474.3
-9257.54,-10475
-9259.04,-10475.8
-9259.05,-10475.8
-9260.58,-10476.6
-9262.09,-10477.4
-9263.57,-10478.1
-9265.1,-10478.9
-9266.58,-10479.7
-9268.09,-10480.4
-9269.59,-10481.2
-9271.08,-10482
-9272.57,-10482.7
-9274.09,-10483.5
-9275.55,-10484.3
-9277.06,-10485
-9278.52,-10485.8
-9280.04,-10486.6
-9281.49,-10487.3
-9283.02,-10488.1
-9284.46,-10488.8
-9285.99,-10489.6
-9287.43,-10490.3
-9288.96,-10491.1
-9290.41,-10491.8
-9291.95,-10492.6
-9293.4,-10493.4
-9294.87,-10494.1
-9294.93,-10494.1
-9296.41,-10494.9
-9297.95,-10495.7
-9299.4,-10496.4
-9300.95,-10497.2
-9302.38,-10498
-9303.94,-10498.7
-9305.39,-10499.5
-9306.88,-10500.2
-9306.95,-10500.3
-9308.4,-10501
-9309.93,-10501.7
-9309.99,-10501.8
-9311.45,-10502.5
-9312.95,-10503.3
-9313.01,-10503.3
-9314.48,-10504
-9316.03,-10504.8
-9317.49,-10505.6
-9318.97,-10506.3
-9319.03,-10506.4
-9320.53,-10507.1
-9322.08,-10507.9
-9323.55,-10508.7
-9325.1,-10509.5
-9326.56,-10510.2
-9328.08,-10511
-9328.12,-10511
-9329.61,-10511.8
-9331.1,-10512.5
-9331.14,-10512.6
-9332.6,-10513.3
-9334.09,-10514.1
-9334.13,-10514.1
-9335.63,-10514.9
-9337.12,-10515.7
-9337.15,-10515.7
-9338.63,-10516.5
-9340.15,-10517.3
-9340.18,-10517.3
-9341.66,-10518
-9343.16,-10518.8
-9343.19,-10518.8
-9344.7,-10519.6
-9346.21,-10520.4
-9346.23,-10520.4
-9347.73,-10521.2
-9349.23,-10521.9
-9349.25,-10522
-9350.77,-10522.7
-9352.26,-10523.5
-9352.29,-10523.5
-9353.78,-10524.3
-9355.31,-10525.1
-9356.86,-10525.8
-9358.37,-10526.6
-9359.85,-10527.4
-9361.39,-10528.2
-9362.87,-10528.9
-9364.38,-10529.7
-9364.39,-10529.7
-9365.92,-10530.5
-9367.37,-10531.4
-9367.39,-10531.4
-9368.91,-10532.2
-9370.41,-10532.9
-9371.91,-10533.7
-9373.41,-10534.5
-9374.92,-10535.3
-9376.4,-10536.1
-9376.41,-10536.1
-9377.92,-10536.9
-9379.42,-10537.7
-9379.43,-10537.7
-9380.96,-10538.5
-9382.44,-10539.3
-9382.45,-10539.3
-9383.93,-10540.1
-9385.44,-10540.9
-9386.93,-10541.6
-9388.42,-10542.4
-9388.44,-10542.4
-9389.94,-10543.2
-9391.44,-10544
-9391.45,-10544
-9392.95,-10544.8
-9394.45,-10545.6
-9394.46,-10545.6
-9395.97,-10546.4
-9397.5,-10547.2
-9397.51,-10547.2
-9399.01,-10548
-9400.5,-10548.8
-9402,-10549.6
-9403.46,-10550.4
-9404.94,-10551.2
-9406.4,-10552
-9407.89,-10552.8
-9409.37,-10553.6
-9410.86,-10554.4
-9412.32,-10555.2
-9413.81,-10556
-9415.28,-10556.8
-9416.76,-10557.6
-9418.23,-10558.4
-9419.73,-10559.2
-9421.2,-10560
-9422.67,-10560.8
-9424.13,-10561.7
-9424.14,-10561.7
-9425.63,-10562.5
-9427.09,-10563.3
-9427.11,-10563.3
-9428.6,-10564.1
-9430.06,-10564.9
-9430.08,-10564.9
-9431.55,-10565.7
-9433.03,-10566.6
-9433.06,-10566.6
-9434.53,-10567.4
-9436,-10568.2
-9436.02,-10568.2
-9437.52,-10569.1
-9438.98,-10569.9
-9439.01,-10569.9
-9440.49,-10570.7
-9441.97,-10571.6
-9441.99,-10571.6
-9443.49,-10572.4
-9444.96,-10573.2
-9444.98,-10573.3
-9446.47,-10574.1
-9447.93,-10574.9
-9447.96,-10574.9
-9449.47,-10575.8
-9450.92,-10576.6
-9450.96,-10576.6
-9452.45,-10577.5
-9453.93,-10578.3
-9453.96,-10578.4
-9455.43,-10579.2
-9456.97,-10580.1
-9458.43,-10580.9
-9459.91,-10581.8
-9459.95,-10581.8
-9461.46,-10582.6
-9462.92,-10583.5
-9462.96,-10583.5
-9464.46,-10584.4
-9465.94,-10585.2
-9465.97,-10585.3
-9467.46,-10586.1
-9468.96,-10587
-9468.99,-10587
-9470.5,-10587.9
-9472.01,-10588.7
-9472.03,-10588.7
-9473.55,-10589.6
-9475.06,-10590.5
-9476.56,-10591.4
-9478.05,-10592.3
-9479.55,-10593.2
-9481.02,-10594.1
-9481.04,-10594.1
-9482.55,-10595
-9484.04,-10595.9
-9484.06,-10595.9
-9485.58,-10596.8
-9487.09,-10597.7
-9488.59,-10598.6
-9490.12,-10599.5
-9491.63,-10600.4
-9493.15,-10601.3
-9494.68,-10602.2
-9496.2,-10603.1
-9497.71,-10604
-9499.22,-10604.9
-9499.25,-10604.9
-9500.77,-10605.8
-9502.28,-10606.7
-9502.31,-10606.8
-9503.84,-10607.7
-9505.33,-10608.6
-9505.36,-10608.6
-9506.91,-10609.5
-9508.41,-10610.4
-9508.44,-10610.5
-9509.97,-10611.4
-9511.49,-10612.3
-9511.52,-10612.3
-9513.04,-10613.3
-9514.58,-10614.2
-9514.61,-10614.2
-9516.16,-10615.2
-9517.68,-10616.1
-9519.23,-10617
-9520.76,-10618
-9522.32,-10618.9
-9523.83,-10619.9
-9525.39,-10620.8
-9526.9,-10621.8
-9528.46,-10622.7
-9529.97,-10623.6
-9531.52,-10624.6
-9533.04,-10625.5
-9534.61,-10626.5
-9536.13,-10627.5
-9537.69,-10628.4
-9539.21,-10629.4
-9540.75,-10630.3
-9542.3,-10631.3
-9543.86,-10632.3
-9545.42,-10633.3
-9546.99,-10634.2
-9548.52,-10635.2
-9550.08,-10636.2
-9551.63,-10637.2
-9553.2,-10638.2
-9554.74,-10639.1
-9556.28,-10640.1
-9557.85,-10641.1
-9559.42,-10642.1
-9560.98,-10643.1
-9562.55,-10644.1
-9564.13,-10645.1
-9565.7,-10646.1
-9567.25,-10647.1
-9568.81,-10648.1
-9570.37,-10649.1
-9571.97,-10650.1
-9573.5,-10651.1
-9573.52,-10651.1
-9575.11,-10652.1
-9576.69,-10653.1
-9576.71,-10653.1
-9578.29,-10654.1
-9579.87,-10655.1
-9581.47,-10656.2
-9583.03,-10657.2
-9584.61,-10658.2
-9586.17,-10659.2
-9587.76,-10660.3
-9589.32,-10661.3
-9590.93,-10662.3
-9592.49,-10663.3
-9594.11,-10664.4
-9595.67,-10665.4
-9597.29,-10666.4
-9598.85,-10667.4
-9600.47,-10668.5
-9602.03,-10669.5
-9603.63,-10670.6
-9605.2,-10671.6
-9606.81,-10672.6
-9608.37,-10673.6
-9609.98,-10674.7
-9611.54,-10675.7
-9613.14,-10676.8
-9614.71,-10677.8
-9616.32,-10678.9
-9617.88,-10679.9
-9619.48,-10681
-9621.05,-10682
-9622.7,-10683
-9624.27,-10684.1
-9625.88,-10685.1
-9627.44,-10686.2
-9629.05,-10687.2
-9630.62,-10688.3
-9632.23,-10689.3
-9633.79,-10690.4
-9635.41,-10691.4
-9636.97,-10692.5
-9638.59,-10693.6
-9640.15,-10694.6
-9641.76,-10695.7
-9643.33,-10696.7
-9644.94,-10697.8
-9646.5,-10698.8
-9648.11,-10699.9
-9649.65,-10700.9
-9651.27,-10702
-9652.79,-10703
-9654.4,-10704.1
-9655.93,-10705.1
-9657.53,-10706.2
-9659.05,-10707.2
-9660.63,-10708.3
-9662.15,-10709.3
-9663.72,-10710.4
-9665.26,-10711.4
-9666.85,-10712.5
-9668.35,-10713.5
-9669.94,-10714.6
-9671.42,-10715.6
-9673.05,-10716.7
-9674.6,-10717.7
-9674.66,-10717.8
-9676.21,-10718.8
-9677.8,-10719.8
-9677.84,-10719.9
-9679.41,-10720.9
-9680.97,-10722
-9681,-10722
-9682.57,-10723.1
-9684.11,-10724.1
-9684.14,-10724.1
-9685.7,-10725.2
-9687.24,-10726.3
-9687.26,-10726.3
-9688.83,-10727.3
-9690.36,-10728.4
-9690.38,-10728.4
-9691.94,-10729.4
-9693.48,-10730.5
-9693.49,-10730.5
-9695.05,-10731.5
-9696.58,-10732.6
-9696.59,-10732.6
-9698.15,-10733.7
-9699.66,-10734.7
-9699.67,-10734.7
-9701.21,-10735.7
-9702.75,-10736.8
-9702.76,-10736.8
-9704.3,-10737.8
-9705.86,-10738.8
-9705.87,-10738.8
-9707.4,-10739.9
-9708.94,-10740.9
-9708.96,-10740.9
-9710.49,-10742
-9712,-10743
-9712.02,-10743
-9713.53,-10744
-9715.09,-10745.1
-9715.12,-10745.1
-9716.65,-10746.1
-9718.13,-10747.1
-9720.06,-10748.5
-9721.62,-10749.5
-9723.45,-10750.8
-9725.02,-10751.8
-9726.6,-10752.9
-9727.81,-10753.7
-9729.36,-10754.8
-9730.65,-10755.7
-9732.49,-10756.9
-9734.01,-10758
-9735.77,-10759.2
-9737.31,-10760.2
-9738.98,-10761.4
-9740.53,-10762.4
-9742.12,-10763.5
-9743.14,-10764.2
-9744.84,-10765.4
-9746.33,-10766.4
-9748.01,-10767.5
-9749.52,-10768.6
-9751.07,-10769.7
-9752.63,-10770.7
-9754.17,-10771.8
-9755.7,-10772.8
-9757.22,-10773.9
-9758.76,-10774.9
-9760.31,-10775.9
-9761.26,-10776.6
-9762.87,-10777.6
-9764.38,-10778.7
-9765.99,-10779.8
-9767.45,-10780.8
-9769.03,-10781.9
-9770.55,-10782.9
-9772.09,-10783.9
-9773.57,-10784.9
-9775.09,-10786
-9776.62,-10787
-9778.11,-10788.1
-9779.59,-10789.1
-9781.1,-10790.1
-9782.58,-10791.1
-9784.05,-10792.2
-9785.54,-10793.2
-9787.03,-10794.2
-9788.51,-10795.2
-9790,-10796.2
-9790.92,-10796.8
-9792.54,-10797.9
-9794.01,-10798.9
-9795.57,-10800
-9797.03,-10801
-9798.62,-10802
-9800.1,-10803
-9801.67,-10804.1
-9803.13,-10805.1
-9804.67,-10806.2
-9806.12,-10807.2
-9807.66,-10808.2
-9809.12,-10809.2
-9810.63,-10810.2
-9812.13,-10811.2
-9813.64,-10812.3
-9815.1,-10813.3
-9816.65,-10814.2
-9818.11,-10815.2
-9819.63,-10816.2
-9821.08,-10817.2
-9822.59,-10818.3
-9824.04,-10819.3
-9825.57,-10820.3
-9827.05,-10821.3
-9828.56,-10822.3
-9830.02,-10823.3
-9831.56,-10824.3
-9833.02,-10825.3
-9834.55,-10826.4
-9836.05,-10827.4
-9837.56,-10828.4
-9838.53,-10829
-9840.23,-10830.1
-9841.67,-10831.1
-9843.33,-10832.2
-9844.78,-10833.2
-9846.43,-10834.3
-9847.89,-10835.3
-9849.4,-10836.3
-9849.53,-10836.4
-9851.01,-10837.4
-9852.51,-10838.4
-9852.61,-10838.4
-9854.14,-10839.5
-9855.65,-10840.5
-9855.74,-10840.5
-9857.23,-10841.5
-9858.75,-10842.6
-9858.82,-10842.6
-9860.36,-10843.6
-9861.85,-10844.7
-9861.89,-10844.7
-9863.4,-10845.7
-9864.97,-10846.8
-9865,-10846.8
-9866.47,-10847.8
-9868,-10848.8
-9868.04,-10848.8
-9869.59,-10849.9
-9871.11,-10850.9
-9871.13,-10850.9
-9872.65,-10851.9
-9874.2,-10852.9
-9874.21,-10852.9
-9875.72,-10853.9
-9877.28,-10855
-9877.28,-10855
-9878.81,-10856
-9880.36,-10857
-9880.37,-10857
-9881.89,-10858
-9883.45,-10859
-9883.46,-10859
-9884.98,-10860
-9886.52,-10861.1
-9886.53,-10861.1
-9888.08,-10862.1
-9889.65,-10863.1
-9889.67,-10863.1
-9891.19,-10864.1
-9892.75,-10865.2
-9892.77,-10865.2
-9894.29,-10866.2
-9895.85,-10867.2
-9895.87,-10867.2
-9897.41,-10868.2
-9898.98,-10869.2
-9899,-10869.3
-9900.53,-10870.3
-9902.11,-10871.3
-9902.13,-10871.3
-9903.66,-10872.3
-9905.25,-10873.3
-9905.27,-10873.4
-9906.8,-10874.4
-9908.37,-10875.4
-9908.39,-10875.4
-9909.92,-10876.4
-9911.48,-10877.4
-9911.5,-10877.4
-9913.05,-10878.4
-9914.65,-10879.4
-9914.67,-10879.4
-9916.22,-10880.4
-9917.78,-10881.4
-9917.81,-10881.4
-9919.34,-10882.4
-9920.87,-10883.5
-9920.91,-10883.5
-9922.47,-10884.5
-9924.01,-10885.5
-9924.04,-10885.5
-9925.57,-10886.5
-9927.12,-10887.5
-9927.14,-10887.5
-9928.71,-10888.5
-9930.27,-10889.5
-9930.29,-10889.6
-9931.81,-10890.5
-9933.35,-10891.5
-9933.38,-10891.5
-9934.93,-10892.5
-9936.49,-10893.5
-9936.53,-10893.5
-9938.06,-10894.5
-9939.62,-10895.5
-9939.64,-10895.5
-9941.18,-10896.5
-9942.72,-10897.5
-9942.72,-10897.5
-9944.27,-10898.5
-9945.8,-10899.5
-9945.82,-10899.5
-9947.38,-10900.5
-9948.91,-10901.4
-9948.95,-10901.5
-9950.48,-10902.4
-9952.06,-10903.4
-9952.09,-10903.5
-9953.63,-10904.4
-9955.19,-10905.4
-9955.21,-10905.4
-9956.73,-10906.4
-9958.27,-10907.4
-9959.86,-10908.4
-9961.4,-10909.3
-9962.92,-10910.3
-9964.48,-10911.3
-9966.05,-10912.3
-9967.59,-10913.2
-9969.17,-10914.2
-9970.72,-10915.2
-9972.29,-10916.1
-9973.86,-10917.1
-9975.4,-10918.1
-9976.96,-10919
-9978.52,-10920
-9980.08,-10921
-9981.62,-10922
-9983.18,-10923
-9984.75,-10923.9
-9986.31,-10924.9
-9987.86,-10925.9
-9989.42,-10926.8
-9990.99,-10927.8
-9992.53,-10928.8
-9994.08,-10929.8
-9995.62,-10930.7
-9997.19,-10931.7
-9998.74,-10932.7
-10000.3,-10933.6
-10001.9,-10934.5
-10003.4,-10935.5
-10005,-10936.5
-10006.5,-10937.4
-10008.1,-10938.4
-10009.7,-10939.4
-10011.3,-10940.3
-10012.8,-10941.3
-10014.4,-10942.3
-10016,-10943.2
-10017.5,-10944.2
-10019.1,-10945.1
-10020.7,-10946.1
-10022.3,-10947.1
-10023.8,-10948.1
-10025.4,-10949
-10027,-10950
-10028.5,-10950.9
-10030.1,-10951.9
-10031.7,-10952.8
-10033.3,-10953.8
-10034.8,-10954.7
-10036.4,-10955.7
-10038,-10956.7
-10039.6,-10957.6
-10041.1,-10958.6
-10042.7,-10959.5
-10044.3,-10960.5
-10045.9,-10961.5
-10047.4,-10962.4
-10049.1,-10963.4
-10050.6,-10964.4
-10052.2,-10965.3
-10053.8,-10966.3
-10055.4,-10967.2
-10057,-10968.2
-10058.6,-10969.1
-10060.2,-10970.1
-10061.8,-10971
-10063.3,-10972
-10064.9,-10972.9
-10066.5,-10973.9
-10068.1,-10974.9
-10069.7,-10975.8
-10071.3,-10976.8
-10072.9,-10977.8
-10074.5,-10978.7
-10076.1,-10979.6
-10077.7,-10980.6
-10079.3,-10981.6
-10080.9,-10982.5
-10080.9,-10982.5
-10082.5,-10983.5
-10084.1,-10984.4
-10085.7,-10985.4
-10087.3,-10986.4
-10087.3,-10986.4
-10088.9,-10987.3
-10090.5,-10988.3
-10090.5,-10988.3
-10092.1,-10989.3
-10093.7,-10990.2
-10093.7,-10990.2
-10095.3,-10991.2
-10096.9,-10992.1
-10097,-10992.1
-10098.5,-10993.1
-10100.2,-10994
-10100.2,-10994
-10101.8,-10995
-10103.4,-10996
-10103.5,-10996
-10105.1,-10996.9
-10106.7,-10997.9
-10106.7,-10997.9
-10108.3,-10998.9
-10109.9,-10999.8
-10109.9,-10999.8
-10111.6,-11000.8
-10113.2,-11001.7
-10113.2,-11001.7
-10114.8,-11002.7
-10116.4,-11003.6
-10116.4,-11003.7
-10118,-11004.6
-10119.6,-11005.6
-10119.6,-11005.6
-10121.2,-11006.5
-10122.8,-11007.5
-10122.8,-11007.5
-10124.4,-11008.4
-10126.1,-11009.4
-10126.1,-11009.4
-10127.7,-11010.3
-10129.3,-11011.3
-10129.3,-11011.3
-10130.9,-11012.2
-10132.5,-11013.2
-10132.5,-11013.2
-10134.1,-11014.1
-10135.7,-11015.1
-10135.7,-11015.1
-10137.3,-11016
-10138.9,-11017
-10138.9,-11017
-10140.5,-11017.9
-10142.1,-11018.9
-10142.1,-11018.9
-10143.7,-11019.8
-10145.4,-11020.8
-10145.4,-11020.8
-10147,-11021.7
-10148.6,-11022.7
-10148.6,-11022.7
-10150.2,-11023.6
-10151.8,-11024.6
-10151.8,-11024.6
-10153.4,-11025.6
-10155,-11026.5
-10155.1,-11026.5
-10156.7,-11027.5
-10158.3,-11028.4
-10158.3,-11028.4
-10159.9,-11029.4
-10161.5,-11030.4
-10161.6,-11030.4
-10163.2,-11031.3
-10164.8,-11032.3
-10164.8,-11032.3
-10166.4,-11033.3
-10168,-11034.2
-10168.1,-11034.2
-10169.7,-11035.2
-10171.2,-11036.1
-10171.3,-11036.1
-10172.9,-11037
-10174.5,-11038
-10174.5,-11038
-10176.1,-11038.9
-10177.7,-11039.9
-10177.7,-11039.9
-10179.3,-11040.8
-10180.9,-11041.7
-10180.9,-11041.8
-10182.5,-11042.7
-10184.1,-11043.6
-10184.1,-11043.6
-10185.7,-11044.6
-10187.3,-11045.5
-10187.3,-11045.5
-10188.9,-11046.4
-10190.5,-11047.4
-10190.5,-11047.4
-10192.1,-11048.3
-10193.7,-11049.2
-10193.7,-11049.3
-10195.3,-11050.2
-10196.9,-11051.1
-10196.9,-11051.1
-10198.5,-11052
-10200.1,-11053
-10200.1,-11053
-10201.7,-11053.9
-10203.3,-11054.8
-10203.3,-11054.8
-10205,-11055.8
-10206.5,-11056.7
-10206.5,-11056.7
-10208.2,-11057.7
-10209.8,-11058.6
-10209.8,-11058.6
-10211.4,-11059.5
-10213,-11060.5
-10213,-11060.5
-10214.6,-11061.4
-10216.2,-11062.4
-10216.2,-11062.4
-10217.8,-11063.3
-10219.4,-11064.2
-10219.5,-11064.3
-10221.1,-11065.2
-10222.7,-11066.1
-10224.4,-11067.1
-10226,-11068
-10227.6,-11069
-10229.3,-11069.9
-10230.9,-11070.9
-10232.5,-11071.8
-10234.2,-11072.8
-10235.8,-11073.7
-10237.5,-11074.7
-10239.1,-11075.7
-10240.7,-11076.6
-10242.4,-11077.6
-10244,-11078.5
-10245.6,-11079.5
-10245.6,-11079.5
-10247.3,-11080.4
-10248.9,-11081.4
-10248.9,-11081.4
-10250.6,-11082.4
-10252.2,-11083.3
-10252.2,-11083.3
-10253.8,-11084.3
-10255.4,-11085.3
-10255.5,-11085.3
-10257.1,-11086.2
-10258.7,-11087.2
-10258.7,-11087.2
-10260.4,-11088.1
-10262,-11089
-10262,-11089.1
-10263.7,-11090
-10265.3,-11091
-10265.3,-11091
-10267,-11092
-10268.6,-11092.9
-10268.6,-11092.9
-10270.2,-11093.9
-10271.9,-11094.9
-10271.9,-11094.9
-10273.6,-11095.9
-10275.2,-11096.8
-10275.2,-11096.8
-10276.9,-11097.8
-10278.5,-11098.8
-10278.5,-11098.8
-10280.2,-11099.7
-10280.6,-11100
-10282.3,-11101
-10284,-11102
-10285.7,-11103
-10285.9,-11103.1
-10287.6,-11104
-10287.9,-11104.2
-10289.6,-11105.2
-10291.4,-11106.2
-10291.6,-11106.4
-10293.3,-11107.4
-10295,-11108.4
-10296.8,-11109.4
-10297.2,-11109.7
-10298.9,-11110.7
-10299.1,-11110.8
-10300.9,-11111.8
-10302.6,-11112.8
-10302.7,-11112.9
-10304.4,-11113.9
-10306.2,-11115
-10306.2,-11115
-10307.9,-11116
-10309.7,-11117
-10309.7,-11117
-10311.4,-11118
-10313.2,-11119
-10313.2,-11119.1
-10315,-11120.1
-10316.7,-11121.1
-10316.8,-11121.2
-10318.5,-11122.2
-10320.3,-11123.2
-10322,-11124.2
-10322.8,-11124.7
-10324.5,-11125.7
-10324.5,-11125.7
-10326.2,-11126.7
-10327.9,-11127.8
-10328,-11127.8
-10329.6,-11128.8
-10331.3,-11129.8
-10331.3,-11129.8
-10333,-11130.8
-10334.7,-11131.8
-10334.7,-11131.8
-10336.4,-11132.8
-10338.1,-11133.8
-10338.2,-11133.9
-10339.8,-11134.8
-10341.5,-11135.9
-10341.6,-11135.9
-10343.2,-11136.9
-10345,-11137.9
-10345,-11137.9
-10346.6,-11138.9
-10348.4,-11139.9
-10348.4,-11139.9
-10350.1,-11140.9
-10351.8,-11141.9
-10351.8,-11141.9
-10353.5,-11142.9
-10355.2,-11143.9
-10355.2,-11143.9
-10356.9,-11144.9
-10358.6,-11146
-10358.6,-11146
-10360.3,-11147
-10362,-11148
-10362,-11148
-10363.7,-11149
-10365.4,-11150
-10367.1,-11151
-10367.7,-11151.4
-10369.3,-11152.4
-10369.5,-11152.5
-10371.2,-11153.4
-10372.8,-11154.4
-10372.9,-11154.5
-10374.6,-11155.5
-10376.3,-11156.5
-10376.4,-11156.6
-10378,-11157.5
-10379.6,-11158.5
-10379.7,-11158.6
-10381.4,-11159.5
-10383.1,-11160.6
-10383.1,-11160.6
-10384.7,-11161.6
-10386.4,-11162.6
-10386.5,-11162.6
-10388.1,-11163.6
-10389.8,-11164.6
-10389.8,-11164.6
-10391.5,-11165.6
-10393.1,-11166.6
-10393.2,-11166.6
-10394.8,-11167.6
-10396.5,-11168.7
-10396.5,-11168.7
-10398.1,-11169.7
-10399.8,-11170.7
-10399.8,-11170.7
-10401.5,-11171.7
-10403.1,-11172.7
-10403.1,-11172.7
-10404.8,-11173.7
-10406.5,-11174.7
-10406.5,-11174.7
-10408.1,-11175.7
-10409.8,-11176.7
-10409.8,-11176.7
-10411.5,-11177.7
-10413.1,-11178.7
-10413.1,-11178.7
-10414.8,-11179.7
-10416.5,-11180.8
-10416.5,-11180.8
-10418.2,-11181.8
-10419.9,-11182.8
-10419.9,-11182.8
-10421.5,-11183.8
-10423.2,-11184.8
-10423.2,-11184.8
-10424.9,-11185.8
-10426.6,-11186.9
-10426.6,-11186.9
-10428.3,-11187.9
-10429.9,-11188.9
-10430,-11188.9
-10431.6,-11189.9
-10433.3,-11190.9
-10433.4,-11191
-10435,-11192
-10436.7,-11193
-10436.8,-11193.1
-10438.4,-11194
-10440.1,-11195
-10440.2,-11195.1
-10441.8,-11196.1
-10443.4,-11197.1
-10443.5,-11197.1
-10445.1,-11198.1
-10446.8,-11199.1
-10446.9,-11199.2
-10448.4,-11200.2
-10450.1,-11201.2
-10450.2,-11201.2
-10451.7,-11202.2
-10453.4,-11203.1
-10453.4,-11203.2
-10455.1,-11204.2
-10456.7,-11205.1
-10456.8,-11205.1
-10458.3,-11206.1
-10459.9,-11207.1
-10460,-11207.1
-10461.6,-11208.1
-10463.2,-11209
-10463.2,-11209.1
-10464.8,-11210
-10466.4,-11211
-10466.4,-11211
-10468,-11212
-10469.6,-11212.9
-10469.6,-11213
-10471.2,-11213.9
-10472.7,-11214.9
-10472.8,-11214.9
-10474.3,-11215.8
-10475.8,-11216.9
-10475.9,-11216.9
-10477.4,-11217.8
-10479,-11218.8
-10479,-11218.8
-10480.5,-11219.7
-10482,-11220.6
-10482.1,-11220.7
-10483.6,-11221.6
-10485.1,-11222.5
-10485.2,-11222.5
-10486.6,-11223.4
-10488.2,-11224.4
-10488.2,-11224.4
-10489.7,-11225.3
-10491.2,-11226.2
-10491.2,-11226.2
-10492.7,-11227.1
-10494.2,-11228
-10494.2,-11228.1
-10495.6,-11229
-10497.1,-11229.9
-10497.2,-11229.9
-10498.6,-11230.8
-10500.1,-11231.6
-10500.1,-11231.7
-10501.5,-11232.6
-10503,-11233.4
-10503,-11233.4
-10504.4,-11234.3
-10505.9,-11235.2
-10505.9,-11235.2
-10507.3,-11236.1
-10508.8,-11237
-10508.8,-11237
-10510.3,-11237.9
-10511.7,-11238.8
-10511.7,-11238.8
-10513.1,-11239.6
-10514.6,-11240.5
-10514.6,-11240.5
-10516.1,-11241.4
-10517.5,-11242.3
-10517.5,-11242.3
-10519,-11243.2
-10520.4,-11244.1
-10520.4,-11244.1
-10521.8,-11245
-10523.3,-11245.8
-10523.3,-11245.9
-10524.8,-11246.7
-10526.2,-11247.6
-10526.2,-11247.6
-10527.7,-11248.5
-10529.1,-11249.4
-10529.2,-11249.4
-10530.5,-11250.2
-10532,-11251.1
-10532,-11251.1
-10533.5,-11252
-10534.9,-11252.9
-10535,-11252.9
-10536.4,-11253.8
-10537.8,-11254.6
-10537.9,-11254.7
-10539.3,-11255.5
-10540.7,-11256.4
-10540.7,-11256.4
-10542.2,-11257.3
-10543.6,-11258.2
-10543.7,-11258.2
-10545.1,-11259.1
-10546.5,-11259.9
-10546.6,-11260
-10548,-11260.8
-10549.4,-11261.7
-10549.4,-11261.7
-10550.9,-11262.6
-10552.3,-11263.5
-10552.3,-11263.5
-10553.7,-11264.3
-10555.2,-11265.2
-10555.2,-11265.2
-10556.6,-11266.1
-10558.1,-11267
-10558.1,-11267
-10559.5,-11267.9
-10561,-11268.7
-10561,-11268.8
-10562.4,-11269.6
-10563.8,-11270.5
-10563.9,-11270.5
-10565.3,-11271.4
-10566.7,-11272.3
-10566.8,-11272.3
-10568.2,-11273.1
-10569.6,-11274
-10569.6,-11274
-10571,-11274.9
-10572.5,-11275.8
-10572.5,-11275.8
-10573.9,-11276.6
-10575.3,-11277.5
-10575.4,-11277.5
-10576.8,-11278.4
-10578.2,-11279.3
-10578.2,-11279.3
-10579.6,-11280.2
-10581,-11281
-10581.1,-11281
-10582.5,-11281.9
-10583.9,-11282.8
-10583.9,-11282.8
-10585.3,-11283.6
-10586.7,-11284.5
-10586.8,-11284.5
-10588.2,-11285.4
-10589.7,-11286.2
-10589.7,-11286.2
-10591.1,-11287.1
-10592.5,-11287.9
-10592.5,-11288
-10593.9,-11288.8
-10595.4,-11289.7
-10595.4,-11289.7
-10596.8,-11290.5
-10598.2,-11291.4
-10598.2,-11291.4
-10599.6,-11292.3
-10601.1,-11293.1
-10601.1,-11293.1
-10602.5,-11294
-10603.9,-11294.8
-10603.9,-11294.8
-10605.3,-11295.7
-10606.7,-11296.5
-10606.7,-11296.5
-10608.1,-11297.4
-10609.5,-11298.2
-10609.5,-11298.2
-10611,-11299.1
-10612.4,-11299.9
-10612.4,-11299.9
-10613.8,-11300.7
-10615.2,-11301.6
-10615.2,-11301.6
-10616.6,-11302.4
-10618,-11303.3
-10618,-11303.3
-10619.4,-11304.1
-10620.8,-11305
-10620.8,-11305
-10622.2,-11305.8
-10623.6,-11306.6
-10623.6,-11306.6
-10625,-11307.5
-10626.4,-11308.3
-10626.4,-11308.3
-10627.8,-11309.2
-10629.2,-11310
-10629.2,-11310
-10630.6,-11310.8
-10631.9,-11311.7
-10632,-11311.7
-10633.4,-11312.6
-10634.8,-11313.4
-10634.8,-11313.4
-10636.2,-11314.2
-10637.6,-11315.1
-10637.6,-11315.1
-10639,-11315.9
-10640.3,-11316.8
-10640.3,-11316.8
-10641.7,-11317.6
-10643.1,-11318.4
-10643.2,-11318.5
-10644.6,-11319.3
-10645.9,-11320.1
-10646,-11320.1
-10647.4,-11321
-10648.8,-11321.8
-10648.8,-11321.8
-10650.2,-11322.6
-10651.6,-11323.5
-10651.7,-11323.5
-10653.1,-11324.3
-10654.5,-11325.2
-10654.5,-11325.2
-10655.9,-11326
-10657.3,-11326.9
-10657.4,-11326.9
-10658.8,-11327.7
-10660.2,-11328.6
-10660.3,-11328.6
-10661.7,-11329.4
-10663.1,-11330.3
-10663.2,-11330.3
-10664.6,-11331.2
-10666,-11332
-10666.1,-11332
-10667.5,-11332.9
-10668.9,-11333.7
-10669,-11333.7
-10670.4,-11334.6
-10671.8,-11335.4
-10671.9,-11335.5
-10673.3,-11336.3
-10674.8,-11337.2
-10674.8,-11337.2
-10676.3,-11338
-10677.7,-11339
-10677.7,-11339
-10679.2,-11339.9
-10680.6,-11340.7
-10680.7,-11340.7
-10682.1,-11341.6
-10683.6,-11342.4
-10683.6,-11342.5
-10685.1,-11343.3
-10686.6,-11344.2
-10686.6,-11344.2
-10688.1,-11345.1
-10689.5,-11345.9
-10689.6,-11346
-10691.1,-11346.8
-10692.5,-11347.7
-10692.5,-11347.7
-10694,-11348.6
-10695.5,-11349.4
-10695.5,-11349.4
-10697,-11350.3
-10698.5,-11351.2
-10698.5,-11351.2
-10700,-11352.1
-10701.5,-11353
-10703,-11353.8
-10704.5,-11354.7
-10704.5,-11354.7
-10706.1,-11355.6
-10707.6,-11356.5
-10707.6,-11356.5
-10709.1,-11357.4
-10710.6,-11358.2
-10710.6,-11358.2
-10712.1,-11359.1
-10713.6,-11360
-10713.6,-11360
-10715.1,-11360.9
-10716.6,-11361.8
-10716.6,-11361.8
-10718.1,-11362.6
-10719.7,-11363.5
-10719.7,-11363.5
-10721.2,-11364.4
-10722.7,-11365.3
-10722.7,-11365.3
-10724.3,-11366.2
-10725.8,-11367.1
-10725.8,-11367.1
-10727.3,-11368
-10728.8,-11368.8
-10728.9,-11368.8
-10730.4,-11369.7
-10731.9,-11370.5
-10732,-11370.6
-10733.5,-11371.4
-10735,-11372.3
-10735.1,-11372.3
-10736.6,-11373.2
-10738.1,-11374.1
-10738.2,-11374.1
-10739.7,-11375
-10741.2,-11375.9
-10741.3,-11375.9
-10742.8,-11376.8
-10744.4,-11377.7
-10744.4,-11377.7
-10745.9,-11378.6
-10747.5,-11379.5
-10747.5,-11379.5
-10749.1,-11380.4
